AIRPORT_SEQ_ID,AIRPORT_ID,AIRPORT,DISPLAY_AIRPORT_NAME,DISPLAY_AIRPORT_CITY_NAME_FULL,AIRPORT_WAC_SEQ_ID2,AIRPORT_WAC,AIRPORT_COUNTRY_NAME,AIRPORT_COUNTRY_CODE_ISO,AIRPORT_STATE_NAME,AIRPORT_STATE_CODE,AIRPORT_STATE_FIPS,CITY_MARKET_SEQ_ID,CITY_MARKET_ID,DISPLAY_CITY_MARKET_NAME_FULL,CITY_MARKET_WAC_SEQ_ID2,CITY_MARKET_WAC,LAT_DEGREES,LAT_HEMISPHERE,LAT_MINUTES,LAT_SECONDS,LATITUDE,LON_DEGREES,LON_HEMISPHERE,LON_MINUTES,LON_SECONDS,LONGITUDE,UTC_LOCAL_TIME_VARIATION,AIRPORT_START_DATE,AIRPORT_THRU_DATE,AIRPORT_IS_CLOSED,AIRPORT_IS_LATEST
1013501,10135,ABE,Lehigh Valley International,"Allentown/Bethlehem/Easton, PA",2301,23,United States,US,Pennsylvania,PA,42.0,3013501,30135,"Allentown/Bethlehem/Easton, PA",2301,23,40.0,N,39.0,17.0,40.65472222,75.0,W,26.0,18.0,-75.43833333,-500.0,1/1/1950 12:00:00 AM,6/30/2011 12:00:00 AM,0,0
1013601,10136,ABI,Abilene Regional,"Abilene, TX",7401,74,United States,US,Texas,TX,48.0,3013601,30136,"Abilene, TX",7401,74,32.0,N,24.0,34.0,32.40944444,99.0,W,40.0,47.0,-99.67972222,-600.0,1/1/1950 12:00:00 AM,8/31/1990 12:00:00 AM,0,0
1014001,10140,ABQ,Albuquerque International Sunport,"Albuquerque, NM",8601,86,United States,US,New Mexico,NM,35.0,3014001,30140,"Albuquerque, NM",8601,86,35.0,N,2.0,30.0,35.04166667,106.0,W,36.0,23.0,-106.60638889,-700.0,1/1/1950 12:00:00 AM,6/30/2011 12:00:00 AM,0,0
1014101,10141,ABR,Aberdeen Regional,"Aberdeen, SD",6701,67,United States,US,South Dakota,SD,46.0,3014101,30141,"Aberdeen, SD",6701,67,45.0,N,26.0,59.0,45.44972222,98.0,W,25.0,18.0,-98.42166667,-600.0,1/1/1950 12:00:00 AM,6/30/2011 12:00:00 AM,0,0
1014601,10146,ABY,Southwest Georgia Regional,"Albany, GA",3401,34,United States,US,Georgia,GA,13.0,3014601,30146,"Albany, GA",3401,34,31.0,N,31.0,56.0,31.53222222,84.0,W,11.0,46.0,-84.19611111,-500.0,1/1/1950 12:00:00 AM,6/30/2011 12:00:00 AM,0,0
1015401,10154,ACK,Nantucket Memorial,"Nantucket, MA",1301,13,United States,US,Massachusetts,MA,25.0,3015401,30154,"Nantucket, MA",1301,13,41.0,N,15.0,24.0,41.25666667,70.0,W,3.0,35.0,-70.05972222,-500.0,1/1/1950 12:00:00 AM,6/30/2011 12:00:00 AM,0,0
1015501,10155,ACT,Waco Regional,"Waco, TX",7401,74,United States,US,Texas,TX,48.0,3015501,30155,"Waco, TX",7401,74,31.0,N,36.0,41.0,31.61138889,97.0,W,13.0,43.0,-97.22861111,-600.0,1/1/1950 12:00:00 AM,6/30/2011 12:00:00 AM,0,0
1015701,10157,ACV,Arcata,"Arcata/Eureka, CA",9101,91,United States,US,California,CA,6.0,3015701,30157,"Eureka/Arcata, CA",9101,91,40.0,N,58.0,45.0,40.97916667,124.0,W,6.0,27.0,-124.1075,-800.0,1/1/1950 12:00:00 AM,6/30/2011 12:00:00 AM,0,0
1015801,10158,ACY,Nafec Atlantic City,"Atlantic City, NJ",2101,21,United States,US,New Jersey,NJ,34.0,3015801,30158,"Atlantic City, NJ",2101,21,39.0,N,27.0,22.0,39.45611111,74.0,W,34.0,41.0,-74.57805556,-500.0,1/1/1950 12:00:00 AM,5/31/1976 12:00:00 AM,0,0
1016501,10165,ADK,Adak NS,"Adak Island, AK",101,1,United States,US,Alaska,AK,2.0,3016501,30165,"Adak Island, AK",101,1,51.0,N,52.0,58.0,51.88277778,176.0,W,38.0,41.0,-176.64472222,-1000.0,1/1/1950 12:00:00 AM,6/30/2011 12:00:00 AM,0,0
1017001,10170,ADQ,Kodiak Airport,"Kodiak, AK",101,1,United States,US,Alaska,AK,2.0,3007001,30070,"Kodiak, AK",101,1,57.0,N,45.0,0.0,57.75,152.0,W,29.0,38.0,-152.49388889,-900.0,1/1/1950 12:00:00 AM,8/31/2017 12:00:00 AM,0,0
1018501,10185,AEX,England AFB,"Alexandria, LA",7201,72,United States,US,Louisiana,LA,22.0,3018501,30185,"Alexandria, LA",7201,72,31.0,N,19.0,27.0,31.32416667,92.0,W,32.0,49.0,-92.54694444,-600.0,1/1/1950 12:00:00 AM,12/31/2002 12:00:00 AM,0,0
1020801,10208,AGS,Bush Field,"Augusta, GA",3401,34,United States,US,Georgia,GA,13.0,3020801,30208,"Augusta, GA",3401,34,33.0,N,22.0,9.0,33.36916667,81.0,W,57.0,52.0,-81.96444444,-500.0,1/1/1950 12:00:00 AM,6/30/2000 12:00:00 AM,0,0
1024501,10245,AKN,King Salmon Airport,"King Salmon, AK",101,1,United States,US,Alaska,AK,2.0,3024501,30245,"King Salmon, AK",101,1,58.0,N,40.0,40.0,58.67777778,156.0,W,39.0,6.0,-156.65166667,-900.0,1/1/1950 12:00:00 AM,6/30/2011 12:00:00 AM,0,0
1025701,10257,ALB,Albany International,"Albany, NY",2201,22,United States,US,New York,NY,36.0,3025701,30257,"Albany, NY",2201,22,42.0,N,44.0,45.0,42.74583333,73.0,W,48.0,19.0,-73.80527778,-500.0,1/1/1950 12:00:00 AM,6/30/2011 12:00:00 AM,0,0
1026801,10268,ALO,Waterloo Regional,"Waterloo, IA",6101,61,United States,US,Iowa,IA,19.0,3026801,30268,"Waterloo, IA",6101,61,42.0,N,33.0,22.0,42.55611111,92.0,W,23.0,59.0,-92.39972222,-600.0,1/1/1950 12:00:00 AM,6/30/2011 12:00:00 AM,0,0
1027201,10272,ALS,Alamosa Municipal,"Alamosa, CO",8201,82,United States,US,Colorado,CO,8.0,3027201,30272,"Alamosa, CO",8201,82,37.0,N,26.0,12.0,37.43666667,105.0,W,52.0,0.0,-105.86666667,-700.0,1/1/1950 12:00:00 AM,6/30/2011 12:00:00 AM,0,0
1027501,10275,ALW,Walla Walla Regional,"Walla Walla, WA",9301,93,United States,US,Washington,WA,53.0,3027501,30275,"Walla Walla, WA",9301,93,46.0,N,5.0,41.0,46.09472222,118.0,W,17.0,28.0,-118.29111111,-800.0,1/1/1950 12:00:00 AM,6/30/2011 12:00:00 AM,0,0
1027901,10279,AMA,Amarillo International,"Amarillo, TX",7401,74,United States,US,Texas,TX,48.0,3027901,30279,"Amarillo, TX",7401,74,35.0,N,13.0,38.0,35.22722222,101.0,W,43.0,19.0,-101.72194444,-600.0,1/1/1950 12:00:00 AM,1/31/2003 12:00:00 AM,0,0
1029901,10299,ANC,Anchorage International,"Anchorage, AK",101,1,United States,US,Alaska,AK,2.0,3029901,30299,"Anchorage, AK",101,1,61.0,N,10.0,9.0,61.16916667,149.0,W,59.0,7.0,-149.98527778,-900.0,1/1/1950 12:00:00 AM,12/31/1999 12:00:00 AM,0,0
1033301,10333,APN,Phelps/Collins,"Alpena, MI",4301,43,United States,US,Michigan,MI,26.0,3033301,30333,"Alpena, MI",4301,43,45.0,N,4.0,54.0,45.08166667,83.0,W,33.0,21.0,-83.55583333,-500.0,1/1/1950 12:00:00 AM,6/30/2011 12:00:00 AM,0,0
1036101,10361,ART,Watertown International,"Watertown, NY",2201,22,United States,US,New York,NY,36.0,3036101,30361,"Watertown, NY",2201,22,43.0,N,59.0,27.0,43.99083333,76.0,W,1.0,17.0,-76.02138889,-500.0,1/1/1950 12:00:00 AM,6/30/2011 12:00:00 AM,0,0
1037201,10372,ASE,Aspen Pitkin County Sardy Field,"Aspen, CO",8201,82,United States,US,Colorado,CO,8.0,3037201,30372,"Aspen, CO",8201,82,39.0,N,13.0,27.0,39.22416667,106.0,W,52.0,8.0,-106.86888889,-700.0,1/1/1950 12:00:00 AM,6/30/2011 12:00:00 AM,0,0
1039701,10397,ATL,Atlanta Municipal,"Atlanta, GA",3401,34,United States,US,Georgia,GA,13.0,3039701,30397,"Atlanta, GA (Metropolitan Area)",3401,34,33.0,N,38.0,27.0,33.64083333,84.0,W,25.0,38.0,-84.42722222,-500.0,1/1/1950 12:00:00 AM,6/30/1971 12:00:00 AM,0,0
1040801,10408,ATW,Outagamie County Regional,"Appleton, WI",4501,45,United States,US,Wisconsin,WI,55.0,3040801,30408,"Appleton, WI",4501,45,44.0,N,15.0,28.0,44.25777778,88.0,W,31.0,12.0,-88.52,-600.0,1/1/1950 12:00:00 AM,6/30/2011 12:00:00 AM,0,0
1040901,10409,ATY,Watertown Municipal,"Watertown, SD",6701,67,United States,US,South Dakota,SD,46.0,3040901,30409,"Watertown, SD",6701,67,44.0,N,54.0,32.0,44.90888889,97.0,W,9.0,15.0,-97.15416667,-600.0,1/1/1950 12:00:00 AM,12/31/2005 12:00:00 AM,0,0
1042301,10423,BSM,Austin - Bergstrom International,"Austin, TX",7401,74,United States,US,Texas,TX,48.0,3042301,30423,"Austin, TX",7401,74,30.0,N,11.0,40.0,30.19444444,97.0,W,40.0,12.0,-97.67,-600.0,6/1/1997 12:00:00 AM,5/31/1999 12:00:00 AM,0,0
1043101,10431,AVL,Asheville Regional,"Asheville, NC",3601,36,United States,US,North Carolina,NC,37.0,3043101,30431,"Asheville, NC",3601,36,35.0,N,26.0,6.0,35.435,82.0,W,32.0,28.0,-82.54111111,-500.0,1/1/1950 12:00:00 AM,6/30/2011 12:00:00 AM,0,0
1043401,10434,AVP,Wilkes Barre Scranton International,"Scranton/Wilkes-Barre, PA",2301,23,United States,US,Pennsylvania,PA,42.0,3043401,30434,"Scranton/Wilkes-Barre, PA",2301,23,41.0,N,20.0,21.0,41.33916667,75.0,W,43.0,33.0,-75.72583333,-500.0,1/1/1950 12:00:00 AM,6/30/2011 12:00:00 AM,0,0
1046601,10466,DQF,Williams Gateway,"Phoenix, AZ",8101,81,United States,US,Arizona,AZ,4.0,3046601,30466,"Phoenix, AZ",8101,81,33.0,N,18.0,28.0,33.30777778,111.0,W,39.0,20.0,-111.65555556,-700.0,1/1/1994 12:00:00 AM,12/31/2007 12:00:00 AM,0,0
1046901,10469,AZO,Kalamazoo/Battle Creek International,"Kalamazoo, MI",4301,43,United States,US,Michigan,MI,26.0,3046901,30469,"Kalamazoo, MI",4301,43,42.0,N,14.0,11.0,42.23638889,85.0,W,33.0,13.0,-85.55361111,-500.0,1/1/1950 12:00:00 AM,6/30/2011 12:00:00 AM,0,0
1052901,10529,BDL,Bradley International,"Hartford, CT",1101,11,United States,US,Connecticut,CT,9.0,3052901,30529,"Hartford, CT",1101,11,41.0,N,56.0,19.0,41.93861111,72.0,W,41.0,0.0,-72.68333333,-500.0,1/1/1950 12:00:00 AM,11/30/1979 12:00:00 AM,0,0
1055101,10551,BET,Bethel Airport,"Bethel, AK",101,1,United States,US,Alaska,AK,2.0,3011301,30113,"Bethel, AK",101,1,60.0,N,47.0,4.0,60.78444444,161.0,W,49.0,53.0,-161.83138889,-900.0,1/1/1950 12:00:00 AM,6/30/2011 12:00:00 AM,0,0
1055801,10558,BFF,William B. Heilig Field,"Scottsbluff, NE",6501,65,United States,US,Nebraska,NE,31.0,3055801,30558,"Scottsbluff, NE",6501,65,41.0,N,52.0,31.0,41.87527778,103.0,W,36.0,4.0,-103.60111111,-700.0,1/1/1950 12:00:00 AM,9/30/2004 12:00:00 AM,0,0
1056101,10561,BFL,Meadows Field,"Bakersfield, CA",9101,91,United States,US,California,CA,6.0,3056101,30561,"Bakersfield, CA",9101,91,35.0,N,25.0,48.0,35.43,119.0,W,3.0,8.0,-119.05222222,-800.0,1/1/1950 12:00:00 AM,11/30/1995 12:00:00 AM,0,0
1056201,10562,BFM,Mobile Aerospace,"Mobile, AL",5101,51,United States,US,Alabama,AL,1.0,3056201,30562,"Mobile, AL",5101,51,30.0,N,37.0,35.0,30.62638889,88.0,W,4.0,5.0,-88.06805556,-600.0,6/1/1976 12:00:00 AM,6/30/2011 12:00:00 AM,0,0
1057701,10577,BGM,Greater Binghamton/Edwin A. Link Field,"Binghamton, NY",2201,22,United States,US,New York,NY,36.0,3057701,30577,"Binghamton, NY",2201,22,42.0,N,12.0,5.0,42.20138889,75.0,W,58.0,9.0,-75.96916667,-500.0,1/1/1950 12:00:00 AM,6/30/2011 12:00:00 AM,0,0
1058101,10581,BGR,Bangor International,"Bangor, ME",1201,12,United States,US,Maine,ME,23.0,3058101,30581,"Bangor, ME",1201,12,44.0,N,48.0,28.0,44.80777778,68.0,W,49.0,40.0,-68.82777778,-500.0,1/1/1950 12:00:00 AM,6/30/2011 12:00:00 AM,0,0
1059001,10590,BHC,Laughlin Bullhead International,"Bullhead City, AZ",8101,81,United States,US,Arizona,AZ,4.0,3059001,30590,"Bullhead City, AZ",8101,81,35.0,N,9.0,48.0,35.16333333,114.0,W,33.0,52.0,-114.56444444,-700.0,3/1/1978 12:00:00 AM,11/30/1994 12:00:00 AM,0,0
1059901,10599,BHM,Birmingham Airport,"Birmingham, AL",5101,51,United States,US,Alabama,AL,1.0,3059901,30599,"Birmingham, AL",5101,51,33.0,N,33.0,47.0,33.56305556,86.0,W,45.0,20.0,-86.75555556,-600.0,1/1/1950 12:00:00 AM,9/30/1993 12:00:00 AM,0,0
1061701,10617,BIH,Eastern Sierra Regional,"Bishop, CA",9101,91,United States,US,California,CA,6.0,3061701,30617,"Bishop, CA",9101,91,37.0,N,22.0,24.0,37.37333333,118.0,W,21.0,54.0,-118.365,-800.0,1/1/1950 12:00:00 AM,6/30/2011 12:00:00 AM,0,0
1062001,10620,BIL,Billings Logan International,"Billings, MT",8401,84,United States,US,Montana,MT,30.0,3062001,30620,"Billings, MT",8401,84,45.0,N,48.0,25.0,45.80694444,108.0,W,32.0,34.0,-108.54277778,-700.0,1/1/1950 12:00:00 AM,6/30/2011 12:00:00 AM,0,0
1062701,10627,BIS,Bismarck Municipal,"Bismarck/Mandan, ND",6601,66,United States,US,North Dakota,ND,38.0,3062701,30627,"Bismarck/Mandan, ND",6601,66,46.0,N,46.0,44.0,46.77888889,100.0,W,45.0,9.0,-100.7525,-600.0,1/1/1950 12:00:00 AM,6/30/2011 12:00:00 AM,0,0
1063101,10631,BJI,Bemidji Municipal,"Bemidji, MN",6301,63,United States,US,Minnesota,MN,27.0,3063101,30631,"Bemidji, MN",6301,63,47.0,N,30.0,35.0,47.50972222,94.0,W,56.0,5.0,-94.93472222,-600.0,1/1/1950 12:00:00 AM,11/30/1981 12:00:00 AM,0,0
1064301,10643,BKG,Branson Airport,"Branson, MO",6401,64,United States,US,Missouri,MO,29.0,3064301,30643,"Branson, MO",6401,64,36.0,N,31.0,55.0,36.53194444,93.0,W,12.0,2.0,-93.20055556,-600.0,5/1/2009 12:00:00 AM,,0,1
1066601,10666,BLI,Bellingham International,"Bellingham, WA",9301,93,United States,US,Washington,WA,53.0,3066601,30666,"Bellingham, WA",9301,93,48.0,N,47.0,40.0,48.79444444,122.0,W,32.0,5.0,-122.53472222,-800.0,1/1/1950 12:00:00 AM,6/30/2011 12:00:00 AM,0,0
1067601,10676,BLV,Scott AFB,"Belleville, IL",4101,41,United States,US,Illinois,IL,17.0,3067601,30676,"Belleville, IL",4101,41,38.0,N,32.0,34.0,38.54277778,89.0,W,51.0,4.0,-89.85111111,-600.0,1/1/1950 12:00:00 AM,6/30/2011 12:00:00 AM,0,0
1068501,10685,BMI,Central Illinois Regional,"Bloomington/Normal, IL",4101,41,United States,US,Illinois,IL,17.0,3068501,30685,"Bloomington/Normal, IL",4101,41,40.0,N,28.0,55.0,40.48194444,88.0,W,55.0,39.0,-88.9275,-600.0,1/1/1950 12:00:00 AM,6/30/2011 12:00:00 AM,0,0
1069301,10693,BNA,Nashville International,"Nashville, TN",5401,54,United States,US,Tennessee,TN,47.0,3069301,30693,"Nashville, TN",5401,54,36.0,N,7.0,36.0,36.12666667,86.0,W,40.0,55.0,-86.68194444,-600.0,1/1/1950 12:00:00 AM,6/30/2011 12:00:00 AM,0,0
1071301,10713,BOI,Boise Air Terminal,"Boise, ID",8301,83,United States,US,Idaho,ID,16.0,3071301,30713,"Boise, ID",8301,83,43.0,N,33.0,55.0,43.56527778,116.0,W,13.0,30.0,-116.225,-700.0,1/1/1950 12:00:00 AM,6/30/2011 12:00:00 AM,0,0
1072101,10721,BOS,Logan International,"Boston, MA",1301,13,United States,US,Massachusetts,MA,25.0,3072101,30721,"Boston, MA (Metropolitan Area)",1301,13,42.0,N,21.0,49.0,42.36361111,71.0,W,0.0,22.0,-71.00611111,-500.0,1/1/1950 12:00:00 AM,6/30/2011 12:00:00 AM,0,0
1072801,10728,BPT,Jefferson County,"Beaumont/Port Arthur, TX",7401,74,United States,US,Texas,TX,48.0,3072801,30728,"Beaumont/Port Arthur, TX",7401,74,29.0,N,57.0,3.0,29.95083333,94.0,W,1.0,12.0,-94.02,-600.0,1/1/1950 12:00:00 AM,6/30/1999 12:00:00 AM,0,0
1073101,10731,BQK,Glynco Jetport,"Brunswick, GA",3401,34,United States,US,Georgia,GA,13.0,3073101,30731,"Brunswick, GA",3401,34,31.0,N,15.0,32.0,31.25888889,81.0,W,27.0,59.0,-81.46638889,-500.0,7/1/1974 12:00:00 AM,12/31/2002 12:00:00 AM,0,0
1073201,10732,BQN,Ramey AFB,"Aguadilla, Puerto Rico",26801,268,Puerto Rico,PR,,,,3073201,30732,"Aguadilla, Puerto Rico",26801,268,18.0,N,29.0,45.0,18.49583333,67.0,W,7.0,48.0,-67.13,-400.0,1/1/1950 12:00:00 AM,12/31/1989 12:00:00 AM,0,0
1073901,10739,BRD,Brainerd/Crow Wing County,"Brainerd, MN",6301,63,United States,US,Minnesota,MN,27.0,3073901,30739,"Brainerd, MN",6301,63,46.0,N,23.0,50.0,46.39722222,94.0,W,8.0,15.0,-94.1375,-600.0,1/1/1950 12:00:00 AM,7/31/2002 12:00:00 AM,0,0
1074701,10747,BRO,Brownsville South Padre Island International,"Brownsville, TX",7401,74,United States,US,Texas,TX,48.0,3074701,30747,"Brownsville, TX",7401,74,25.0,N,54.0,23.0,25.90638889,97.0,W,25.0,32.0,-97.42555556,-600.0,1/1/1950 12:00:00 AM,6/30/2011 12:00:00 AM,0,0
1075401,10754,BRW,Wiley Post/Will Rogers Memorial,"Barrow, AK",101,1,United States,US,Alaska,AK,2.0,3010701,30107,"Barrow, AK",101,1,71.0,N,17.0,8.0,71.28555556,156.0,W,45.0,58.0,-156.76611111,-900.0,1/1/1950 12:00:00 AM,6/30/2011 12:00:00 AM,0,0
1077901,10779,BTM,Bert Mooney,"Butte, MT",8401,84,United States,US,Montana,MT,30.0,3077901,30779,"Butte, MT",8401,84,45.0,N,57.0,4.0,45.95111111,112.0,W,29.0,38.0,-112.49388889,-700.0,1/1/1950 12:00:00 AM,6/30/2011 12:00:00 AM,0,0
1078101,10781,BTR,Baton Rouge Metropolitan/Ryan Field,"Baton Rouge, LA",7201,72,United States,US,Louisiana,LA,22.0,3078101,30781,"Baton Rouge, LA",7201,72,30.0,N,31.0,54.0,30.53166667,91.0,W,9.0,2.0,-91.15055556,-600.0,1/1/1950 12:00:00 AM,6/30/2011 12:00:00 AM,0,0
1078501,10785,BTV,Burlington International,"Burlington, VT",1601,16,United States,US,Vermont,VT,50.0,3078501,30785,"Burlington, VT",1601,16,44.0,N,28.0,22.0,44.47277778,73.0,W,9.0,11.0,-73.15305556,-500.0,1/1/1950 12:00:00 AM,6/30/2011 12:00:00 AM,0,0
1079201,10792,BUF,Greater Buffalo International,"Buffalo, NY",2201,22,United States,US,New York,NY,36.0,3079201,30792,"Buffalo, NY",2201,22,42.0,N,56.0,28.0,42.94111111,78.0,W,44.0,11.0,-78.73638889,-500.0,1/1/1950 12:00:00 AM,8/31/1983 12:00:00 AM,0,0
1080001,10800,BUR,Hollywood-Burbank Midpoint,"Burbank, CA",9101,91,United States,US,California,CA,6.0,3257501,32575,"Los Angeles, CA (Metropolitan Area)",9101,91,34.0,N,12.0,0.0,34.2,118.0,W,21.0,28.0,-118.35777778,-800.0,1/1/1950 12:00:00 AM,11/30/2002 12:00:00 AM,0,0
1082101,10821,BAL,Friendship International,"Baltimore, MD",3501,35,United States,US,Maryland,MD,24.0,3085201,30852,"Washington, DC (Metropolitan Area)",3201,32,39.0,N,10.0,32.0,39.17555556,76.0,W,40.0,17.0,-76.67138889,-500.0,7/1/1950 12:00:00 AM,3/31/1981 12:00:00 AM,0,0
1084901,10849,BZN,Gallatin Field,"Bozeman, MT",8401,84,United States,US,Montana,MT,30.0,3084901,30849,"Bozeman, MT",8401,84,45.0,N,46.0,49.0,45.78027778,111.0,W,9.0,34.0,-111.15944444,-700.0,1/1/1950 12:00:00 AM,6/30/2011 12:00:00 AM,0,0
1086801,10868,CAE,Columbia Metropolitan,"Columbia, SC",3701,37,United States,US,South Carolina,SC,45.0,3086801,30868,"Columbia, SC",3701,37,33.0,N,56.0,11.0,33.93638889,81.0,W,6.0,57.0,-81.11583333,-500.0,1/1/1950 12:00:00 AM,8/31/1992 12:00:00 AM,0,0
1087401,10874,CAK,Akron-Canton Regional,"Akron, OH",4401,44,United States,US,Ohio,OH,39.0,3064701,30647,"Cleveland, OH (Metropolitan Area)",4401,44,40.0,N,54.0,50.0,40.91388889,81.0,W,26.0,30.0,-81.44166667,-500.0,1/1/1950 12:00:00 AM,6/30/2011 12:00:00 AM,0,0
1091701,10917,CDB,Cold Bay Airport,"Cold Bay, AK",101,1,United States,US,Alaska,AK,2.0,3008201,30082,"Cold Bay, AK",101,1,55.0,N,11.0,59.0,55.19972222,162.0,W,43.0,11.0,-162.71972222,-900.0,1/1/1950 12:00:00 AM,6/30/2011 12:00:00 AM,0,0
1091801,10918,CDC,Cedar City Regional,"Cedar City, UT",8701,87,United States,US,Utah,UT,49.0,3091801,30918,"Cedar City, UT",8701,87,37.0,N,42.0,9.0,37.7025,113.0,W,5.0,46.0,-113.09611111,-700.0,1/1/1950 12:00:00 AM,6/30/2011 12:00:00 AM,0,0
1092601,10926,CDV,Cordova Mile 13,"Cordova, AK",101,1,United States,US,Alaska,AK,2.0,3091301,30913,"Cordova, AK",101,1,60.0,N,29.0,35.0,60.49305556,145.0,W,28.0,12.0,-145.47,-900.0,1/1/1950 12:00:00 AM,8/31/1974 12:00:00 AM,0,0
1096701,10967,CGI,Cape Girardeau Regional,"Cape Girardeau, MO",6401,64,United States,US,Missouri,MO,29.0,3096701,30967,"Cape Girardeau, MO",6401,64,37.0,N,13.0,25.0,37.22361111,89.0,W,34.0,18.0,-89.57166667,-600.0,1/1/1950 12:00:00 AM,6/30/2011 12:00:00 AM,0,0
1098001,10980,CHA,Lovell Field,"Chattanooga, TN",5401,54,United States,US,Tennessee,TN,47.0,3098001,30980,"Chattanooga, TN",5401,54,35.0,N,2.0,11.0,35.03638889,85.0,W,12.0,13.0,-85.20361111,-500.0,1/1/1950 12:00:00 AM,6/30/2011 12:00:00 AM,0,0
1099001,10990,CHO,Charlottesville Albemarle,"Charlottesville, VA",3801,38,United States,US,Virginia,VA,51.0,3099001,30990,"Charlottesville, VA",3801,38,38.0,N,8.0,29.0,38.14138889,78.0,W,27.0,11.0,-78.45305556,-500.0,1/1/1950 12:00:00 AM,6/30/2011 12:00:00 AM,0,0
1099401,10994,CHS,Charleston International,"Charleston, SC",3701,37,United States,US,South Carolina,SC,45.0,3099401,30994,"Charleston, SC",3701,37,32.0,N,53.0,57.0,32.89916667,80.0,W,2.0,20.0,-80.03888889,-500.0,1/1/1950 12:00:00 AM,6/30/2011 12:00:00 AM,0,0
1100301,11003,CID,Cedar Rapids Municipal,"Cedar Rapids/Iowa City, IA",6101,61,United States,US,Iowa,IA,19.0,3100301,31003,"Cedar Rapids/Iowa City, IA",6101,61,41.0,N,53.0,4.0,41.88444444,91.0,W,42.0,22.0,-91.70611111,-600.0,1/1/1950 12:00:00 AM,12/31/1997 12:00:00 AM,0,0
1101301,11013,INR,Kincheloe AFB,"Sault Ste. Marie, MI",4301,43,United States,US,Michigan,MI,26.0,3101301,31013,"Sault Ste. Marie, MI",4301,43,46.0,N,14.0,32.0,46.24222222,84.0,W,27.0,58.0,-84.46611111,-500.0,1/1/1950 12:00:00 AM,9/30/1977 12:00:00 AM,0,0
1102701,11027,CKB,Benedum,"Clarksburg/Fairmont, WV",3901,39,United States,US,West Virginia,WV,54.0,3102701,31027,"Clarksburg/Fairmont, WV",3901,39,39.0,N,17.0,44.0,39.29555556,80.0,W,13.0,46.0,-80.22944444,-500.0,1/1/1950 12:00:00 AM,6/30/2011 12:00:00 AM,0,0
1104201,11042,CLE,Cleveland-Hopkins International,"Cleveland, OH",4401,44,United States,US,Ohio,OH,39.0,3064701,30647,"Cleveland, OH (Metropolitan Area)",4401,44,41.0,N,24.0,39.0,41.41083333,81.0,W,50.0,58.0,-81.84944444,-500.0,1/1/1950 12:00:00 AM,6/30/2011 12:00:00 AM,0,0
1104901,11049,CLL,Easterwood Field,"College Station/Bryan, TX",7401,74,United States,US,Texas,TX,48.0,3104901,31049,"College Station/Bryan, TX",7401,74,30.0,N,35.0,22.0,30.58944444,96.0,W,21.0,52.0,-96.36444444,-600.0,1/1/1950 12:00:00 AM,6/30/2011 12:00:00 AM,0,0
1105701,11057,CLT,Douglas Municipal,"Charlotte, NC",3601,36,United States,US,North Carolina,NC,37.0,3105701,31057,"Charlotte, NC",3601,36,35.0,N,13.0,9.0,35.21916667,80.0,W,56.0,9.0,-80.93583333,-500.0,1/1/1950 12:00:00 AM,12/31/1981 12:00:00 AM,0,0
1106601,11066,CMH,Port Columbus International,"Columbus, OH",4401,44,United States,US,Ohio,OH,39.0,3106601,31066,"Columbus, OH",4401,44,39.0,N,59.0,28.0,39.99111111,82.0,W,52.0,42.0,-82.87833333,-500.0,1/1/1950 12:00:00 AM,6/30/2011 12:00:00 AM,0,0
1106701,11067,CMI,University of Illinois/Willard,"Champaign/Urbana, IL",4101,41,United States,US,Illinois,IL,17.0,3106701,31067,"Champaign/Urbana, IL",4101,41,40.0,N,2.0,23.0,40.03972222,88.0,W,16.0,47.0,-88.27972222,-600.0,1/1/1950 12:00:00 AM,6/30/2011 12:00:00 AM,0,0
1107601,11076,CMX,Houghton County Memorial,"Hancock/Houghton, MI",4301,43,United States,US,Michigan,MI,26.0,3107601,31076,"Hancock/Houghton, MI",4301,43,47.0,N,10.0,4.0,47.16777778,88.0,W,29.0,11.0,-88.48638889,-500.0,1/1/1950 12:00:00 AM,6/30/2011 12:00:00 AM,0,0
1109201,11092,CNY,Canyonlands Field,"Moab, UT",8701,87,United States,US,Utah,UT,49.0,3109201,31092,"Moab, UT",8701,87,38.0,N,45.0,34.0,38.75944444,109.0,W,44.0,46.0,-109.74611111,-700.0,1/1/1950 12:00:00 AM,6/30/2011 12:00:00 AM,0,0
1109701,11097,COD,Yellowstone Regional,"Cody, WY",8801,88,United States,US,Wyoming,WY,56.0,3109701,31097,"Cody, WY",8801,88,44.0,N,30.0,57.0,44.51583333,109.0,W,1.0,39.0,-109.0275,-700.0,1/1/1950 12:00:00 AM,6/30/2011 12:00:00 AM,0,0
1110901,11109,COS,Peterson Field,"Colorado Springs, CO",8201,82,United States,US,Colorado,CO,8.0,3018901,30189,"Colorado Springs, CO",8201,82,38.0,N,48.0,32.0,38.80888889,104.0,W,42.0,33.0,-104.70916667,-700.0,1/1/1950 12:00:00 AM,6/30/2011 12:00:00 AM,0,0
1111101,11111,COU,Columbia Regional,"Columbia, MO",6401,64,United States,US,Missouri,MO,29.0,3247401,32474,"Jefferson City/Columbia, MO",6401,64,38.0,N,48.0,49.0,38.81361111,92.0,W,13.0,9.0,-92.21916667,-600.0,1/1/1950 12:00:00 AM,6/30/2011 12:00:00 AM,0,0
1112201,11122,CPR,Casper/Natrona County International,"Casper, WY",8801,88,United States,US,Wyoming,WY,56.0,3112201,31122,"Casper, WY",8801,88,42.0,N,54.0,31.0,42.90861111,106.0,W,27.0,45.0,-106.4625,-700.0,1/1/1950 12:00:00 AM,6/30/2011 12:00:00 AM,0,0
1114001,11140,CRP,Corpus Christi International,"Corpus Christi, TX",7401,74,United States,US,Texas,TX,48.0,3114001,31140,"Corpus Christi, TX",7401,74,27.0,N,46.0,12.0,27.77,97.0,W,30.0,3.0,-97.50083333,-600.0,1/1/1950 12:00:00 AM,6/30/2011 12:00:00 AM,0,0
1114601,11146,CRW,Kanawha,"Charleston/Dunbar, WV",3901,39,United States,US,West Virginia,WV,54.0,3114601,31146,"Charleston/Dunbar, WV",3901,39,38.0,N,22.0,22.0,38.37277778,81.0,W,35.0,35.0,-81.59305556,-500.0,1/1/1950 12:00:00 AM,9/30/1985 12:00:00 AM,0,0
1115001,11150,CSG,Columbus Metropolitan,"Columbus, GA",3401,34,United States,US,Georgia,GA,13.0,3115001,31150,"Columbus, GA",3401,34,32.0,N,30.0,58.0,32.51611111,84.0,W,56.0,20.0,-84.93888889,-500.0,1/1/1950 12:00:00 AM,6/30/2011 12:00:00 AM,0,0
1119301,11193,CVG,Cincinnati/Northern Kentucky International,"Cincinnati, OH",5201,52,United States,US,Kentucky,KY,21.0,3310501,33105,"Cincinnati, OH",4401,44,39.0,N,2.0,52.0,39.04777778,84.0,W,40.0,7.0,-84.66861111,-500.0,1/1/1950 12:00:00 AM,6/30/2011 12:00:00 AM,0,0
1120301,11203,CWA,Central Wisconsin,"Mosinee, WI",4501,45,United States,US,Wisconsin,WI,55.0,3042401,30424,"Wausau/Mosinee/Stevens Point, WI",4501,45,44.0,N,46.0,56.0,44.78222222,89.0,W,39.0,33.0,-89.65916667,-600.0,1/1/1950 12:00:00 AM,6/30/2011 12:00:00 AM,0,0
1123301,11233,CYS,Cheyenne Regional/Jerry Olson Field,"Cheyenne, WY",8801,88,United States,US,Wyoming,WY,56.0,3123301,31233,"Cheyenne, WY",8801,88,41.0,N,9.0,21.0,41.15583333,104.0,W,48.0,44.0,-104.81222222,-700.0,1/1/1950 12:00:00 AM,6/30/2011 12:00:00 AM,0,0
1125201,11252,DAB,Daytona Beach Regional,"Daytona Beach, FL",3301,33,United States,US,Florida,FL,12.0,3125201,31252,"Daytona Beach, FL",3301,33,29.0,N,10.0,57.0,29.1825,81.0,W,3.0,10.0,-81.05277778,-500.0,1/1/1950 12:00:00 AM,6/30/1992 12:00:00 AM,0,0
1125901,11259,DAL,Dallas Love Field,"Dallas, TX",7401,74,United States,US,Texas,TX,48.0,3019401,30194,"Dallas/Fort Worth, TX",7401,74,32.0,N,50.0,49.0,32.84694444,96.0,W,51.0,12.0,-96.85333333,-600.0,1/1/1950 12:00:00 AM,12/31/1989 12:00:00 AM,0,0
1126701,11267,DAY,James M Cox/Dayton International,"Dayton, OH",4401,44,United States,US,Ohio,OH,39.0,3126701,31267,"Dayton, OH",4401,44,39.0,N,54.0,4.0,39.90111111,84.0,W,13.0,12.0,-84.22,-500.0,1/1/1950 12:00:00 AM,6/30/2011 12:00:00 AM,0,0
1127401,11274,DBQ,Dubuque Regional,"Dubuque, IA",6101,61,United States,US,Iowa,IA,19.0,3127401,31274,"Dubuque, IA",6101,61,42.0,N,24.0,36.0,42.41,90.0,W,42.0,39.0,-90.71083333,-600.0,1/1/1950 12:00:00 AM,6/30/2011 12:00:00 AM,0,0
1127801,11278,DCA,Ronald Reagan Washington National,"Washington, DC",3801,38,United States,US,Virginia,VA,51.0,3085201,30852,"Washington, DC (Metropolitan Area)",3201,32,38.0,N,51.0,6.0,38.85166667,77.0,W,2.0,13.0,-77.03694444,-500.0,1/1/1950 12:00:00 AM,6/30/2011 12:00:00 AM,0,0
1128301,11283,DDC,Dodge City Regional,"Dodge City, KS",6201,62,United States,US,Kansas,KS,20.0,3128301,31283,"Dodge City, KS",6201,62,37.0,N,45.0,42.0,37.76166667,99.0,W,57.0,54.0,-99.965,-600.0,1/1/1950 12:00:00 AM,6/30/2011 12:00:00 AM,0,0
1128801,11288,DEC,Decatur Airport,"Decatur, IL",4101,41,United States,US,Illinois,IL,17.0,3128801,31288,"Decatur, IL",4101,41,39.0,N,50.0,3.0,39.83416667,88.0,W,52.0,7.0,-88.86861111,-600.0,1/1/1950 12:00:00 AM,6/30/2011 12:00:00 AM,0,0
1129201,11292,DEN,Stapleton International,"Denver, CO",8201,82,United States,US,Colorado,CO,8.0,3032501,30325,"Denver, CO",8201,82,39.0,N,46.0,28.0,39.77444444,104.0,W,52.0,47.0,-104.87972222,-700.0,1/1/1950 12:00:00 AM,8/31/1993 12:00:00 AM,0,0
1129801,11298,DFW,Dallas Fort Worth Regional,"Dallas/Fort Worth, TX",7401,74,United States,US,Texas,TX,48.0,3019401,30194,"Dallas/Fort Worth, TX",7401,74,32.0,N,53.0,40.0,32.89444444,97.0,W,1.0,47.0,-97.02972222,-600.0,1/1/1950 12:00:00 AM,12/31/1989 12:00:00 AM,0,0
1130801,11308,DHN,Dothan Regional,"Dothan, AL",5101,51,United States,US,Alabama,AL,1.0,3130801,31308,"Dothan, AL",5101,51,31.0,N,19.0,12.0,31.32,85.0,W,26.0,54.0,-85.44833333,-600.0,1/1/1950 12:00:00 AM,6/30/2011 12:00:00 AM,0,0
1131501,11315,DIK,Dickinson Municipal,"Dickinson, ND",6601,66,United States,US,North Dakota,ND,38.0,3131501,31315,"Dickinson, ND",6601,66,46.0,N,47.0,48.0,46.79666667,102.0,W,47.0,47.0,-102.79638889,-700.0,1/1/1950 12:00:00 AM,6/30/2011 12:00:00 AM,0,0
1133601,11336,DLG,Dillingham Airport,"Dillingham, AK",101,1,United States,US,Alaska,AK,2.0,3133601,31336,"Dillingham, AK",101,1,59.0,N,2.0,30.0,59.04166667,158.0,W,30.0,24.0,-158.50666667,-900.0,1/1/1950 12:00:00 AM,6/30/2011 12:00:00 AM,0,0
1133701,11337,DLH,Duluth International,"Duluth, MN",6301,63,United States,US,Minnesota,MN,27.0,3133701,31337,"Duluth, MN",6301,63,46.0,N,50.0,33.0,46.8425,92.0,W,11.0,25.0,-92.19027778,-600.0,1/1/1950 12:00:00 AM,11/30/1995 12:00:00 AM,0,0
1141301,11413,DRO,La Plata County,"Durango, CO",8201,82,United States,US,Colorado,CO,8.0,3028501,30285,"Durango, CO",8201,82,37.0,N,9.0,0.0,37.15,107.0,W,45.0,4.0,-107.75111111,-700.0,3/1/1978 12:00:00 AM,11/30/2002 12:00:00 AM,0,0
1141501,11415,DRT,Del Rio International,"Del Rio, TX",7401,74,United States,US,Texas,TX,48.0,3133501,31335,"Del Rio, TX",7401,74,29.0,N,22.0,27.0,29.37416667,100.0,W,55.0,38.0,-100.92722222,-600.0,1/1/1950 12:00:00 AM,,0,1
1142301,11423,DSM,Des Moines Municipal,"Des Moines, IA",6101,61,United States,US,Iowa,IA,19.0,3142301,31423,"Des Moines, IA",6101,61,41.0,N,32.0,2.0,41.53388889,93.0,W,39.0,24.0,-93.65666667,-600.0,1/1/1950 12:00:00 AM,6/30/1986 12:00:00 AM,0,0
1143301,11433,DTW,Detroit Metro Wayne County,"Detroit, MI",4301,43,United States,US,Michigan,MI,26.0,3129501,31295,"Detroit, MI",4301,43,42.0,N,13.0,0.0,42.21666667,83.0,W,20.0,40.0,-83.34444444,-500.0,1/1/1950 12:00:00 AM,6/30/2011 12:00:00 AM,0,0
1144501,11445,DUT,Unalaska Airport,"Unalaska, AK",101,1,United States,US,Alaska,AK,2.0,3144501,31445,"Unalaska, AK",101,1,53.0,N,53.0,45.0,53.89583333,166.0,W,32.0,20.0,-166.53888889,-900.0,1/1/1950 12:00:00 AM,6/30/2011 12:00:00 AM,0,0
1144701,11447,DVL,Devils Lake Regional,"Devils Lake, ND",6601,66,United States,US,North Dakota,ND,38.0,3144701,31447,"Devils Lake, ND",6601,66,48.0,N,6.0,47.0,48.11305556,98.0,W,54.0,27.0,-98.9075,-600.0,1/1/1950 12:00:00 AM,6/30/2011 12:00:00 AM,0,0
1146801,11468,EAR,Kearney Regional,"Kearney, NE",6501,65,United States,US,Nebraska,NE,31.0,3146801,31468,"Kearney, NE",6501,65,40.0,N,43.0,42.0,40.72833333,98.0,W,59.0,56.0,-98.99888889,-600.0,1/1/1950 12:00:00 AM,6/30/2011 12:00:00 AM,0,0
1147001,11470,EAT,Pangborn Memorial,"Wenatchee, WA",9301,93,United States,US,Washington,WA,53.0,3147001,31470,"Wenatchee, WA",9301,93,47.0,N,23.0,59.0,47.39972222,120.0,W,12.0,28.0,-120.20777778,-800.0,1/1/1950 12:00:00 AM,6/30/2011 12:00:00 AM,0,0
1147101,11471,EAU,Eau Claire Municipal,"Eau Claire, WI",4501,45,United States,US,Wisconsin,WI,55.0,3147101,31471,"Eau Claire, WI",4501,45,44.0,N,51.0,52.0,44.86444444,91.0,W,29.0,14.0,-91.48722222,-600.0,1/1/1950 12:00:00 AM,6/30/1992 12:00:00 AM,0,0
1148101,11481,ECP,Northwest Florida Beaches International,"Panama City, FL",3301,33,United States,US,Florida,FL,12.0,3148101,31481,"Panama City, FL",3301,33,30.0,N,21.0,28.0,30.35777778,85.0,W,47.0,56.0,-85.79888889,-600.0,5/1/2010 12:00:00 AM,6/30/2011 12:00:00 AM,0,0
1150301,11503,EGE,Eagle County Regional,"Eagle, CO",8201,82,United States,US,Colorado,CO,8.0,3150301,31503,"Eagle, CO",8201,82,39.0,N,38.0,37.0,39.64361111,106.0,W,54.0,50.0,-106.91388889,-700.0,1/1/1950 12:00:00 AM,6/30/2011 12:00:00 AM,0,0
1152501,11525,EKO,Elko Regional,"Elko, NV",8501,85,United States,US,Nevada,NV,32.0,3152501,31525,"Elko, NV",8501,85,40.0,N,49.0,26.0,40.82388889,115.0,W,47.0,23.0,-115.78972222,-800.0,1/1/1950 12:00:00 AM,6/30/2011 12:00:00 AM,0,0
1153701,11537,ELM,Elmira/Corning Regional,"Elmira/Corning, NY",2201,22,United States,US,New York,NY,36.0,3153701,31537,"Elmira/Corning, NY",2201,22,42.0,N,9.0,39.0,42.16083333,76.0,W,53.0,43.0,-76.89527778,-500.0,1/1/1950 12:00:00 AM,6/30/2011 12:00:00 AM,0,0
1154001,11540,ELP,El Paso International,"El Paso, TX",7401,74,United States,US,Texas,TX,48.0,3061501,30615,"El Paso, TX",7401,74,31.0,N,48.0,24.0,31.80666667,106.0,W,22.0,38.0,-106.37722222,-700.0,1/1/1950 12:00:00 AM,6/30/2011 12:00:00 AM,0,0
1157701,11577,ERI,Erie International,"Erie, PA",2301,23,United States,US,Pennsylvania,PA,42.0,3157701,31577,"Erie, PA",2301,23,42.0,N,4.0,48.0,42.08,80.0,W,10.0,43.0,-80.17861111,-500.0,1/1/1950 12:00:00 AM,6/30/2000 12:00:00 AM,0,0
1158701,11587,ESC,Delta County,"Escanaba, MI",4301,43,United States,US,Michigan,MI,26.0,3158701,31587,"Escanaba, MI",4301,43,45.0,N,43.0,14.0,45.72055556,87.0,W,5.0,12.0,-87.08666667,-500.0,1/1/1950 12:00:00 AM,6/30/2011 12:00:00 AM,0,0
1160301,11603,EUG,Mahlon Sweet Field,"Eugene, OR",9201,92,United States,US,Oregon,OR,41.0,3160301,31603,"Eugene, OR",9201,92,44.0,N,7.0,15.0,44.12083333,123.0,W,13.0,3.0,-123.2175,-800.0,1/1/1950 12:00:00 AM,6/30/2011 12:00:00 AM,0,0
1161201,11612,EVV,Evansville Dress Regional,"Evansville, IN",4201,42,United States,US,Indiana,IN,18.0,3161201,31612,"Evansville, IN",4201,42,38.0,N,2.0,12.0,38.03666667,87.0,W,31.0,57.0,-87.5325,-600.0,1/1/1950 12:00:00 AM,3/31/1987 12:00:00 AM,0,0
1161701,11617,EWN,Craven County Regional,"New Bern/Morehead/Beaufort, NC",3601,36,United States,US,North Carolina,NC,37.0,3161701,31617,"New Bern/Morehead/Beaufort, NC",3601,36,35.0,N,4.0,25.0,35.07361111,77.0,W,2.0,33.0,-77.0425,-500.0,1/1/1950 12:00:00 AM,6/30/2008 12:00:00 AM,0,0
1161801,11618,EWR,Newark Liberty International,"Newark, NJ",2101,21,United States,US,New Jersey,NJ,34.0,3170301,31703,"New York City, NY (Metropolitan Area)",2201,22,40.0,N,41.0,45.0,40.69583333,74.0,W,10.0,18.0,-74.17166667,-500.0,1/1/1950 12:00:00 AM,6/30/2011 12:00:00 AM,0,0
1162401,11624,EYW,Key West International,"Key West, FL",3301,33,United States,US,Florida,FL,12.0,3162401,31624,"Key West, FL",3301,33,24.0,N,33.0,20.0,24.55555556,81.0,W,45.0,35.0,-81.75972222,-500.0,1/1/1950 12:00:00 AM,6/30/2011 12:00:00 AM,0,0
1163001,11630,FAI,Fairbanks International,"Fairbanks, AK",101,1,United States,US,Alaska,AK,2.0,3151701,31517,"Fairbanks, AK",101,1,64.0,N,48.0,52.0,64.81444444,147.0,W,51.0,46.0,-147.86277778,-900.0,1/1/1950 12:00:00 AM,6/30/2011 12:00:00 AM,0,0
1163701,11637,FAR,Hector Field,"Fargo, ND",6601,66,United States,US,North Dakota,ND,38.0,3163701,31637,"Fargo, ND",6601,66,46.0,N,54.0,56.0,46.91555556,96.0,W,48.0,53.0,-96.81472222,-600.0,1/1/1950 12:00:00 AM,6/30/1982 12:00:00 AM,0,0
1163801,11638,FAT,Fresno Air Terminal,"Fresno, CA",9101,91,United States,US,California,CA,6.0,3163801,31638,"Fresno, CA",9101,91,36.0,N,46.0,36.0,36.77666667,119.0,W,43.0,2.0,-119.71722222,-800.0,1/1/1950 12:00:00 AM,9/30/1996 12:00:00 AM,0,0
1164101,11641,FAY,Fayetteville Regional/Grannis Field,"Fayetteville, NC",3601,36,United States,US,North Carolina,NC,37.0,3164101,31641,"Fayetteville, NC",3601,36,34.0,N,59.0,29.0,34.99138889,78.0,W,52.0,49.0,-78.88027778,-500.0,1/1/1950 12:00:00 AM,6/30/2011 12:00:00 AM,0,0
1164801,11648,FCA,Glacier Park International,"Kalispell, MT",8401,84,United States,US,Montana,MT,30.0,3164801,31648,"Kalispell, MT",8401,84,48.0,N,18.0,46.0,48.31277778,114.0,W,15.0,4.0,-114.25111111,-700.0,1/1/1950 12:00:00 AM,6/30/2011 12:00:00 AM,0,0
1169501,11695,FLG,Flagstaff Pulliam,"Flagstaff, AZ",8101,81,United States,US,Arizona,AZ,4.0,3169501,31695,"Flagstaff, AZ",8101,81,35.0,N,8.0,16.0,35.13777778,111.0,W,40.0,18.0,-111.67166667,-700.0,1/1/1950 12:00:00 AM,6/30/2011 12:00:00 AM,0,0
1169701,11697,FLL,Fort Lauderdale-Hollywood International,"Fort Lauderdale, FL",3301,33,United States,US,Florida,FL,12.0,3246701,32467,"Miami, FL (Metropolitan Area)",3301,33,26.0,N,4.0,27.0,26.07416667,80.0,W,9.0,6.0,-80.15166667,-500.0,1/1/1950 12:00:00 AM,12/31/1990 12:00:00 AM,0,0
1169901,11699,FLO,Florence Regional,"Florence, SC",3701,37,United States,US,South Carolina,SC,45.0,3169901,31699,"Florence, SC",3701,37,34.0,N,11.0,20.0,34.18888889,79.0,W,43.0,28.0,-79.72444444,-500.0,1/1/1950 12:00:00 AM,6/30/2011 12:00:00 AM,0,0
1172101,11721,FNT,Bishop International,"Flint, MI",4301,43,United States,US,Michigan,MI,26.0,3172101,31721,"Flint, MI",4301,43,42.0,N,58.0,0.0,42.96666667,83.0,W,44.0,30.0,-83.74166667,-500.0,1/1/1950 12:00:00 AM,6/30/2011 12:00:00 AM,0,0
1172501,11725,FOD,Fort Dodge Regional,"Fort Dodge, IA",6101,61,United States,US,Iowa,IA,19.0,3172501,31725,"Fort Dodge, IA",6101,61,42.0,N,33.0,9.0,42.5525,94.0,W,11.0,23.0,-94.18972222,-600.0,1/1/1950 12:00:00 AM,6/30/2011 12:00:00 AM,0,0
1177501,11775,FSD,Joe Foss Field,"Sioux Falls, SD",6701,67,United States,US,South Dakota,SD,46.0,3177501,31775,"Sioux Falls, SD",6701,67,43.0,N,34.0,44.0,43.57888889,96.0,W,44.0,27.0,-96.74083333,-600.0,1/1/1950 12:00:00 AM,6/30/2011 12:00:00 AM,0,0
1177801,11778,FSM,Fort Smith Regional,"Fort Smith, AR",7101,71,United States,US,Arkansas,AR,5.0,3177801,31778,"Fort Smith, AR",7101,71,35.0,N,20.0,12.0,35.33666667,94.0,W,22.0,3.0,-94.3675,-600.0,1/1/1950 12:00:00 AM,9/30/2022 12:00:00 AM,0,0
1182301,11823,FWA,Fort Wayne Municipal,"Fort Wayne, IN",4201,42,United States,US,Indiana,IN,18.0,3182301,31823,"Fort Wayne, IN",4201,42,40.0,N,58.0,42.0,40.97833333,85.0,W,11.0,17.0,-85.18805556,-500.0,1/1/1950 12:00:00 AM,6/30/2001 12:00:00 AM,0,0
1186501,11865,GCC,Gillette Campbell County,"Gillette, WY",8801,88,United States,US,Wyoming,WY,56.0,3186501,31865,"Gillette, WY",8801,88,44.0,N,21.0,5.0,44.35138889,105.0,W,31.0,30.0,-105.525,-700.0,1/1/1950 12:00:00 AM,6/30/2011 12:00:00 AM,0,0
1186701,11867,GCK,Garden City Municipal,"Garden City, KS",6201,62,United States,US,Kansas,KS,20.0,3186701,31867,"Garden City, KS",6201,62,37.0,N,55.0,43.0,37.92861111,100.0,W,43.0,47.0,-100.72972222,-600.0,1/1/1950 12:00:00 AM,4/30/1999 12:00:00 AM,0,0
1188401,11884,GEG,Spokane International,"Spokane, WA",9301,93,United States,US,Washington,WA,53.0,3188401,31884,"Spokane, WA",9301,93,47.0,N,37.0,12.0,47.62,117.0,W,31.0,58.0,-117.53277778,-800.0,1/1/1950 12:00:00 AM,6/30/2011 12:00:00 AM,0,0
1189801,11898,GFK,Grand Forks International,"Grand Forks, ND",6601,66,United States,US,North Dakota,ND,38.0,3189801,31898,"Grand Forks, ND",6601,66,47.0,N,57.0,7.0,47.95194444,97.0,W,10.0,43.0,-97.17861111,-600.0,1/1/1950 12:00:00 AM,6/30/2011 12:00:00 AM,0,0
1190501,11905,GGG,East Texas Regional,"Longview, TX",7401,74,United States,US,Texas,TX,48.0,3190501,31905,"Longview, TX",7401,74,32.0,N,23.0,12.0,32.38666667,94.0,W,42.0,55.0,-94.71527778,-600.0,1/1/1950 12:00:00 AM,6/30/2011 12:00:00 AM,0,0
1192101,11921,GJT,Walker Field,"Grand Junction, CO",8201,82,United States,US,Colorado,CO,8.0,3192101,31921,"Grand Junction, CO",8201,82,39.0,N,7.0,7.0,39.11861111,108.0,W,30.0,50.0,-108.51388889,-700.0,1/1/1950 12:00:00 AM,6/30/2011 12:00:00 AM,0,0
1195301,11953,GNV,Gainesville Regional,"Gainesville, FL",3301,33,United States,US,Florida,FL,12.0,3195301,31953,"Gainesville, FL",3301,33,29.0,N,41.0,23.0,29.68972222,82.0,W,16.0,33.0,-82.27583333,-500.0,1/1/1950 12:00:00 AM,6/30/2011 12:00:00 AM,0,0
1197301,11973,GPT,Gulfport-Biloxi International,"Gulfport/Biloxi, MS",5301,53,United States,US,Mississippi,MS,28.0,3197301,31973,"Gulfport/Biloxi, MS",5301,53,30.0,N,24.0,22.0,30.40611111,89.0,W,4.0,13.0,-89.07027778,-600.0,1/1/1950 12:00:00 AM,6/30/2011 12:00:00 AM,0,0
1197701,11977,GRB,Austin Straubel International,"Green Bay, WI",4501,45,United States,US,Wisconsin,WI,55.0,3197701,31977,"Green Bay, WI",4501,45,44.0,N,29.0,17.0,44.48805556,88.0,W,7.0,50.0,-88.13055556,-600.0,1/1/1950 12:00:00 AM,6/30/2011 12:00:00 AM,0,0
1198001,11980,GRI,Grand Island Air Park,"Grand Island, NE",6501,65,United States,US,Nebraska,NE,31.0,3198001,31980,"Grand Island, NE",6501,65,40.0,N,58.0,2.0,40.96722222,98.0,W,18.0,24.0,-98.30666667,-600.0,1/1/1950 12:00:00 AM,6/30/2011 12:00:00 AM,0,0
1198201,11982,GRK,Robert Gray AAF,"Killeen, TX",7401,74,United States,US,Texas,TX,48.0,3198201,31982,"Killeen, TX",7401,74,31.0,N,3.0,53.0,31.06472222,97.0,W,49.0,39.0,-97.8275,-600.0,1/1/1950 12:00:00 AM,6/30/2011 12:00:00 AM,0,0
1198601,11986,GRR,Kent County,"Grand Rapids, MI",4301,43,United States,US,Michigan,MI,26.0,3198601,31986,"Grand Rapids, MI",4301,43,42.0,N,52.0,52.0,42.88111111,85.0,W,31.0,27.0,-85.52416667,-500.0,1/1/1950 12:00:00 AM,12/31/2002 12:00:00 AM,0,0
1199501,11995,GSO,Piedmont Triad International,"Greensboro/High Point, NC",3601,36,United States,US,North Carolina,NC,37.0,3199501,31995,"Greensboro/High Point, NC",3601,36,36.0,N,5.0,31.0,36.09194444,79.0,W,56.0,34.0,-79.94277778,-500.0,1/1/1950 12:00:00 AM,6/30/2011 12:00:00 AM,0,0
1199601,11996,GSP,Greenville-Spartanburg,"Greer, SC",3701,37,United States,US,South Carolina,SC,45.0,3187101,31871,"Greenville/Spartanburg, SC",3701,37,34.0,N,53.0,56.0,34.89888889,82.0,W,12.0,50.0,-82.21388889,-500.0,1/1/1950 12:00:00 AM,9/30/1995 12:00:00 AM,0,0
1200301,12003,GTF,Great Falls International,"Great Falls, MT",8401,84,United States,US,Montana,MT,30.0,3189501,31895,"Great Falls, MT",8401,84,47.0,N,29.0,8.0,47.48555556,111.0,W,22.0,1.0,-111.36694444,-700.0,1/1/1950 12:00:00 AM,6/30/2011 12:00:00 AM,0,0
1200701,12007,GTR,Golden Triangle Regional,"Columbus, MS",5301,53,United States,US,Mississippi,MS,28.0,3089401,30894,"Columbus, MS",5301,53,33.0,N,27.0,1.0,33.45027778,88.0,W,35.0,29.0,-88.59138889,-600.0,1/1/1950 12:00:00 AM,9/30/2011 12:00:00 AM,0,0
1201201,12012,GUC,Gunnison-Crested Butte Regional,"Gunnison, CO",8201,82,United States,US,Colorado,CO,8.0,3201201,32012,"Gunnison, CO",8201,82,38.0,N,32.0,2.0,38.53388889,106.0,W,56.0,20.0,-106.93888889,-700.0,1/1/1950 12:00:00 AM,6/30/2011 12:00:00 AM,0,0
1201601,12016,GUM,Agana Field,"Guam, Guam",82601,826,Guam,GU,,,,3201601,32016,"Guam, Guam",82601,826,13.0,N,29.0,2.0,13.48388889,144.0,E,47.0,50.0,144.79722222,1000.0,11/1/1975 12:00:00 AM,12/31/1989 12:00:00 AM,0,0
1209401,12094,HDN,Yampa Valley,"Hayden, CO",8201,82,United States,US,Colorado,CO,8.0,3469901,34699,"Steamboat Springs, CO",8201,82,40.0,N,28.0,54.0,40.48166667,107.0,W,13.0,12.0,-107.22,-700.0,1/1/1950 12:00:00 AM,6/30/2011 12:00:00 AM,0,0
1211901,12119,HGR,Hagerstown Regional-Richard A. Henson Field,"Hagerstown, MD",3501,35,United States,US,Maryland,MD,24.0,3211901,32119,"Hagerstown, MD",3501,35,39.0,N,42.0,28.0,39.70777778,77.0,W,43.0,48.0,-77.73,-500.0,1/1/1950 12:00:00 AM,6/30/2011 12:00:00 AM,0,0
1212401,12124,HHH,Hilton Head Airport,"Hilton Head, SC",3701,37,United States,US,South Carolina,SC,45.0,3212401,32124,"Hilton Head, SC",3701,37,32.0,N,13.0,0.0,32.21666667,80.0,W,41.0,0.0,-80.68333333,-500.0,1/1/1950 12:00:00 AM,6/30/2011 12:00:00 AM,0,0
1212901,12129,HIB,Chisholm/Hibbing,"Hibbing, MN",6301,63,United States,US,Minnesota,MN,27.0,3212901,32129,"Hibbing, MN",6301,63,47.0,N,23.0,19.0,47.38861111,92.0,W,50.0,19.0,-92.83861111,-600.0,3/1/1980 12:00:00 AM,12/31/2009 12:00:00 AM,0,0
1215601,12156,HLN,Helena Regional,"Helena, MT",8401,84,United States,US,Montana,MT,30.0,3215601,32156,"Helena, MT",8401,84,46.0,N,36.0,24.0,46.60666667,111.0,W,58.0,55.0,-111.98194444,-700.0,1/1/1950 12:00:00 AM,6/30/2011 12:00:00 AM,0,0
1217301,12173,HNL,Honolulu International,"Honolulu, HI",201,2,United States,US,Hawaii,HI,15.0,3213401,32134,"Honolulu, HI",201,2,21.0,N,19.0,7.0,21.31861111,157.0,W,55.0,21.0,-157.9225,-1000.0,1/1/1950 12:00:00 AM,3/31/2014 12:00:00 AM,0,0
1217701,12177,HOB,Lea County Hobbs,"Hobbs, NM",8601,86,United States,US,New Mexico,NM,35.0,3217701,32177,"Hobbs, NM",8601,86,32.0,N,41.0,19.0,32.68861111,103.0,W,13.0,1.0,-103.21694444,-700.0,1/1/1950 12:00:00 AM,6/30/2011 12:00:00 AM,0,0
1219101,12191,HOU,William P Hobby,"Houston, TX",7401,74,United States,US,Texas,TX,48.0,3145301,31453,"Houston, TX",7401,74,29.0,N,38.0,42.0,29.645,95.0,W,16.0,43.0,-95.27861111,-600.0,1/1/1950 12:00:00 AM,6/30/2011 12:00:00 AM,0,0
1219701,12197,HPN,Westchester County,"White Plains, NY",2201,22,United States,US,New York,NY,36.0,3170301,31703,"New York City, NY (Metropolitan Area)",2201,22,41.0,N,4.0,8.0,41.06888889,73.0,W,42.0,28.0,-73.70777778,-500.0,1/1/1950 12:00:00 AM,6/30/2011 12:00:00 AM,0,0
1220601,12206,HRL,Valley International,"Harlingen/San Benito, TX",7401,74,United States,US,Texas,TX,48.0,3220601,32206,"Harlingen/San Benito, TX",7401,74,26.0,N,13.0,41.0,26.22805556,97.0,W,39.0,8.0,-97.65222222,-600.0,1/1/1950 12:00:00 AM,6/30/2011 12:00:00 AM,0,0
1221701,12217,HSV,Huntsville International-Carl T Jones Field,"Huntsville, AL",5101,51,United States,US,Alabama,AL,1.0,3025501,30255,"Huntsville, AL",5101,51,34.0,N,38.0,34.0,34.64277778,86.0,W,46.0,32.0,-86.77555556,-600.0,1/1/1950 12:00:00 AM,6/30/2011 12:00:00 AM,0,0
1222301,12223,HTS,Tri-State/Milton J. Ferguson Field,"Ashland, WV",3901,39,United States,US,West Virginia,WV,54.0,3222301,32223,"Ashland, WV",3901,39,38.0,N,22.0,1.0,38.36694444,82.0,W,33.0,22.0,-82.55611111,-500.0,1/1/1950 12:00:00 AM,6/30/2011 12:00:00 AM,0,0
1224401,12244,HVN,Tweed New Haven,"New Haven, CT",1101,11,United States,US,Connecticut,CT,9.0,3224401,32244,"New Haven, CT",1101,11,41.0,N,15.0,55.0,41.26527778,72.0,W,53.0,18.0,-72.88833333,-500.0,1/1/1950 12:00:00 AM,6/30/2011 12:00:00 AM,0,0
1225501,12255,HYS,Hays Municipal,"Hays, KS",6201,62,United States,US,Kansas,KS,20.0,3225501,32255,"Hays, KS",6201,62,38.0,N,50.0,46.0,38.84611111,99.0,W,16.0,27.0,-99.27416667,-600.0,1/1/1950 12:00:00 AM,6/30/2011 12:00:00 AM,0,0
1226401,12264,IAD,Washington Dulles International,"Washington, DC",3801,38,United States,US,Virginia,VA,51.0,3085201,30852,"Washington, DC (Metropolitan Area)",3201,32,38.0,N,56.0,30.0,38.94166667,77.0,W,27.0,27.0,-77.4575,-500.0,1/1/1950 12:00:00 AM,6/30/2011 12:00:00 AM,0,0
1226501,12265,IAG,Niagara Falls International,"Niagara Falls, NY",2201,22,United States,US,New York,NY,36.0,3226501,32265,"Niagara Falls, NY",2201,22,43.0,N,6.0,26.0,43.10722222,78.0,W,56.0,44.0,-78.94555556,-500.0,1/1/1950 12:00:00 AM,6/30/2011 12:00:00 AM,0,0
1226601,12266,IAH,Houston Intercontinental,"Houston, TX",7401,74,United States,US,Texas,TX,48.0,3145301,31453,"Houston, TX",7401,74,29.0,N,59.0,0.0,29.98333333,95.0,W,20.0,24.0,-95.34,-600.0,1/1/1950 12:00:00 AM,6/30/1997 12:00:00 AM,0,0
1227801,12278,ICT,Wichita Mid-Continent,"Wichita, KS",6201,62,United States,US,Kansas,KS,20.0,3092801,30928,"Wichita, KS",6201,62,37.0,N,39.0,0.0,37.65,97.0,W,25.0,58.0,-97.43277778,-600.0,1/1/1950 12:00:00 AM,6/30/2011 12:00:00 AM,0,0
1228001,12280,IDA,Fanning Field,"Idaho Falls, ID",8301,83,United States,US,Idaho,ID,16.0,3228001,32280,"Idaho Falls, ID",8301,83,43.0,N,30.0,58.0,43.51611111,112.0,W,3.0,53.0,-112.06472222,-700.0,1/1/1950 12:00:00 AM,6/30/2011 12:00:00 AM,0,0
1232001,12320,ILG,Greater Wilmington,"Wilmington, DE",3101,31,United States,US,Delaware,DE,10.0,3232001,32320,"Wilmington, DE",3101,31,39.0,N,40.0,42.0,39.67833333,75.0,W,36.0,27.0,-75.6075,-500.0,1/1/1950 12:00:00 AM,6/30/2011 12:00:00 AM,0,0
1232301,12323,ILM,Wilmington International,"Wilmington, NC",3601,36,United States,US,North Carolina,NC,37.0,3232301,32323,"Wilmington, NC",3601,36,34.0,N,16.0,1.0,34.26694444,77.0,W,54.0,14.0,-77.90388889,-500.0,1/1/1950 12:00:00 AM,6/30/2011 12:00:00 AM,0,0
1233501,12335,IMT,Ford,"Iron Mountain/Kingsfd, MI",4301,43,United States,US,Michigan,MI,26.0,3233501,32335,"Iron Mountain/Kingsfd, MI",4301,43,45.0,N,48.0,56.0,45.81555556,88.0,W,6.0,51.0,-88.11416667,-600.0,1/1/1950 12:00:00 AM,6/30/2011 12:00:00 AM,0,0
1233901,12339,IND,Indianapolis Muni/Weir Cook,"Indianapolis, IN",4201,42,United States,US,Indiana,IN,18.0,3233701,32337,"Indianapolis, IN",4201,42,39.0,N,43.0,44.0,39.72888889,86.0,W,16.0,54.0,-86.28166667,-500.0,1/1/1950 12:00:00 AM,11/30/1989 12:00:00 AM,0,0
1234301,12343,INL,Falls International,"International Falls, MN",6301,63,United States,US,Minnesota,MN,27.0,3234301,32343,"International Falls, MN",6301,63,48.0,N,33.0,47.0,48.56305556,93.0,W,24.0,15.0,-93.40416667,-600.0,1/1/1950 12:00:00 AM,6/30/2011 12:00:00 AM,0,0
1236501,12365,IPT,Williamsport Regional,"Williamsport, PA",2301,23,United States,US,Pennsylvania,PA,42.0,3236501,32365,"Williamsport, PA",2301,23,41.0,N,14.0,32.0,41.24222222,76.0,W,55.0,14.0,-76.92055556,-500.0,1/1/1950 12:00:00 AM,6/30/2011 12:00:00 AM,0,0
1238901,12389,ISN,Sloulin Field International,"Williston, ND",6601,66,United States,US,North Dakota,ND,38.0,3238901,32389,"Williston, ND",6601,66,48.0,N,10.0,34.0,48.17611111,103.0,W,38.0,10.0,-103.63611111,-600.0,1/1/1950 12:00:00 AM,6/30/2011 12:00:00 AM,0,0
1239101,12391,ISP,Long Island MacArthur,"Islip, NY",2201,22,United States,US,New York,NY,36.0,3170301,31703,"New York City, NY (Metropolitan Area)",2201,22,40.0,N,47.0,48.0,40.79666667,73.0,W,6.0,3.0,-73.10083333,-500.0,1/1/1950 12:00:00 AM,6/30/2011 12:00:00 AM,0,0
1239701,12397,ITH,Ithaca Tompkins Regional,"Ithaca/Cortland, NY",2201,22,United States,US,New York,NY,36.0,3239701,32397,"Ithaca/Cortland, NY",2201,22,42.0,N,29.0,25.0,42.49027778,76.0,W,27.0,29.0,-76.45805556,-500.0,1/1/1950 12:00:00 AM,6/30/2011 12:00:00 AM,0,0
1240201,12402,ITO,General Lyman Field,"Hilo, HI",201,2,United States,US,Hawaii,HI,15.0,3240201,32402,"Hilo, HI",201,2,19.0,N,43.0,25.0,19.72361111,155.0,W,3.0,29.0,-155.05805556,-1000.0,1/1/1950 12:00:00 AM,6/30/1989 12:00:00 AM,0,0
1244101,12441,JAC,Jackson Hole,"Jackson, WY",8801,88,United States,US,Wyoming,WY,56.0,3244101,32441,"Jackson, WY",8801,88,43.0,N,36.0,24.0,43.60666667,110.0,W,44.0,13.0,-110.73694444,-700.0,1/1/1950 12:00:00 AM,6/30/2011 12:00:00 AM,0,0
1244801,12448,JAN,Allen C Thompson Field,"Jackson/Vicksburg, MS",5301,53,United States,US,Mississippi,MS,28.0,3244801,32448,"Jackson/Vicksburg, MS",5301,53,32.0,N,18.0,35.0,32.30972222,90.0,W,4.0,33.0,-90.07583333,-600.0,1/1/1950 12:00:00 AM,4/30/2005 12:00:00 AM,0,0
1245101,12451,JAX,Jacksonville International,"Jacksonville, FL",3301,33,United States,US,Florida,FL,12.0,3113601,31136,"Jacksonville, FL",3301,33,30.0,N,29.0,5.0,30.48472222,81.0,W,41.0,16.0,-81.68777778,-500.0,1/1/1950 12:00:00 AM,6/30/2011 12:00:00 AM,0,0
1247801,12478,JFK,John F. Kennedy International,"New York, NY",2201,22,United States,US,New York,NY,36.0,3170301,31703,"New York City, NY (Metropolitan Area)",2201,22,40.0,N,38.0,19.0,40.63861111,73.0,W,46.0,37.0,-73.77694444,-500.0,1/1/1950 12:00:00 AM,6/30/2011 12:00:00 AM,0,0
1249201,12492,JHM,Kapalua West Maui,"Kapalua, HI",201,2,United States,US,Hawaii,HI,15.0,3249201,32492,"Lahaina, HI",201,2,20.0,N,57.0,58.0,20.96611111,156.0,W,40.0,38.0,-156.67722222,-1000.0,1/1/1987 12:00:00 AM,6/30/2011 12:00:00 AM,0,0
1251101,12511,JLN,Joplin Municipal,"Joplin, MO",6401,64,United States,US,Missouri,MO,29.0,3251101,32511,"Joplin, MO",6401,64,37.0,N,8.0,59.0,37.14972222,94.0,W,29.0,52.0,-94.49777778,-600.0,1/1/1950 12:00:00 AM,6/30/2011 12:00:00 AM,0,0
1251901,12519,JMS,Jamestown Regional,"Jamestown, ND",6601,66,United States,US,North Dakota,ND,38.0,3251901,32519,"Jamestown, ND",6601,66,46.0,N,55.0,48.0,46.93,98.0,W,40.0,42.0,-98.67833333,-600.0,1/1/1950 12:00:00 AM,6/30/2011 12:00:00 AM,0,0
1252301,12523,JNU,Juneau International,"Juneau, AK",101,1,United States,US,Alaska,AK,2.0,3252301,32523,"Juneau, AK",101,1,58.0,N,21.0,20.0,58.35555556,134.0,W,34.0,29.0,-134.57472222,-900.0,1/1/1950 12:00:00 AM,6/30/2011 12:00:00 AM,0,0
1254401,12544,JQF,Concord Regional,"Concord, NC",3601,36,United States,US,North Carolina,NC,37.0,3254401,32544,"Cabarrus, NC",3601,36,35.0,N,23.0,7.0,35.38527778,80.0,W,42.0,35.0,-80.70972222,-500.0,6/1/2001 12:00:00 AM,6/30/2011 12:00:00 AM,1,0
1255901,12559,JST,Johnstown Cambria County,"Johnstown, PA",2301,23,United States,US,Pennsylvania,PA,42.0,3255901,32559,"Johnstown, PA",2301,23,40.0,N,19.0,0.0,40.31666667,78.0,W,50.0,4.0,-78.83444444,-500.0,1/1/1950 12:00:00 AM,6/30/2011 12:00:00 AM,0,0
1275801,12758,KOA,Keahole,"Kona, HI",201,2,United States,US,Hawaii,HI,15.0,3275801,32758,"Kona, HI",201,2,19.0,N,44.0,20.0,19.73888889,156.0,W,2.0,44.0,-156.04555556,-1000.0,1/1/1950 12:00:00 AM,3/31/1993 12:00:00 AM,0,0
1281901,12819,KTN,Ketchikan International,"Ketchikan, AK",101,1,United States,US,Alaska,AK,2.0,3140101,31401,"Ketchikan, AK",101,1,55.0,N,21.0,30.0,55.35833333,131.0,W,43.0,0.0,-131.71666667,-900.0,8/1/1973 12:00:00 AM,6/30/2011 12:00:00 AM,0,0
1288401,12884,LAN,Capital City,"Lansing, MI",4301,43,United States,US,Michigan,MI,26.0,3288401,32884,"Lansing, MI",4301,43,42.0,N,46.0,45.0,42.77916667,84.0,W,35.0,18.0,-84.58833333,-500.0,1/1/1950 12:00:00 AM,12/31/2008 12:00:00 AM,0,0
1288801,12888,LAR,General Brees Field,"Laramie, WY",8801,88,United States,US,Wyoming,WY,56.0,3288801,32888,"Laramie, WY",8801,88,41.0,N,18.0,49.0,41.31361111,105.0,W,40.0,23.0,-105.67305556,-700.0,1/1/1950 12:00:00 AM,6/30/2011 12:00:00 AM,0,0
1288901,12889,LAS,McCarran International,"Las Vegas, NV",8501,85,United States,US,Nevada,NV,32.0,3221101,32211,"Las Vegas, NV",8501,85,36.0,N,4.0,48.0,36.08,115.0,W,9.0,8.0,-115.15222222,-800.0,1/1/1950 12:00:00 AM,12/31/1989 12:00:00 AM,0,0
1289101,12891,LAW,Lawton-Fort Sill Regional,"Lawton/Fort Sill, OK",7301,73,United States,US,Oklahoma,OK,40.0,3289101,32891,"Lawton/Fort Sill, OK",7301,73,34.0,N,34.0,11.0,34.56972222,98.0,W,24.0,58.0,-98.41611111,-600.0,1/1/1950 12:00:00 AM,6/30/2011 12:00:00 AM,0,0
1289201,12892,LAX,Los Angeles International,"Los Angeles, CA",9101,91,United States,US,California,CA,6.0,3257501,32575,"Los Angeles, CA (Metropolitan Area)",9101,91,33.0,N,56.0,33.0,33.9425,118.0,W,24.0,29.0,-118.40805556,-800.0,1/1/1950 12:00:00 AM,6/30/2011 12:00:00 AM,0,0
1289601,12896,LBB,Lubbock Regional,"Lubbock, TX",7401,74,United States,US,Texas,TX,48.0,3289601,32896,"Lubbock, TX",7401,74,33.0,N,39.0,44.0,33.66222222,101.0,W,49.0,22.0,-101.82277778,-600.0,1/1/1950 12:00:00 AM,11/30/1991 12:00:00 AM,0,0
1289801,12898,LBE,Latrobe Airport,"Latrobe, PA",2301,23,United States,US,Pennsylvania,PA,42.0,3289801,32898,"Latrobe, PA",2301,23,40.0,N,16.0,35.0,40.27638889,79.0,W,24.0,10.0,-79.40277778,-500.0,12/1/1976 12:00:00 AM,1/31/2003 12:00:00 AM,0,0
1289901,12899,LBF,North Platte Regional Airport Lee Bird Field,"North Platte, NE",6501,65,United States,US,Nebraska,NE,31.0,3289901,32899,"North Platte, NE",6501,65,41.0,N,7.0,42.0,41.12833333,100.0,W,41.0,48.0,-100.69666667,-600.0,1/1/1950 12:00:00 AM,6/30/2011 12:00:00 AM,0,0
1290201,12902,LBL,Liberal Municipal,"Liberal, KS",6201,62,United States,US,Kansas,KS,20.0,3290201,32902,"Liberal, KS",6201,62,37.0,N,2.0,40.0,37.04444444,100.0,W,57.0,38.0,-100.96055556,-600.0,1/1/1950 12:00:00 AM,6/30/2011 12:00:00 AM,0,0
1291501,12915,LCH,Lake Charles Regional,"Lake Charles, LA",7201,72,United States,US,Louisiana,LA,22.0,3120501,31205,"Lake Charles, LA",7201,72,30.0,N,7.0,52.0,30.13111111,93.0,W,13.0,32.0,-93.22555556,-600.0,1/1/1950 12:00:00 AM,12/31/1990 12:00:00 AM,0,0
1291701,12917,LCK,Lockbourne AFB,"Columbus, OH",4401,44,United States,US,Ohio,OH,39.0,3106601,31066,"Columbus, OH",4401,44,39.0,N,48.0,51.0,39.81416667,82.0,W,55.0,56.0,-82.93222222,-500.0,3/1/1977 12:00:00 AM,12/31/1997 12:00:00 AM,0,0
1294501,12945,LEX,Blue Grass,"Lexington, KY",5201,52,United States,US,Kentucky,KY,21.0,3294501,32945,"Lexington, KY",5201,52,38.0,N,2.0,23.0,38.03972222,84.0,W,36.0,8.0,-84.60222222,-500.0,1/1/1950 12:00:00 AM,2/28/2001 12:00:00 AM,0,0
1295101,12951,LFT,Lafayette Regional,"Lafayette, LA",7201,72,United States,US,Louisiana,LA,22.0,3295101,32951,"Lafayette, LA",7201,72,30.0,N,12.0,17.0,30.20472222,91.0,W,59.0,15.0,-91.9875,-600.0,1/1/1950 12:00:00 AM,6/30/2011 12:00:00 AM,0,0
1295301,12953,LGA,LaGuardia,"New York, NY",2201,22,United States,US,New York,NY,36.0,3170301,31703,"New York City, NY (Metropolitan Area)",2201,22,40.0,N,46.0,46.0,40.77944444,73.0,W,52.0,33.0,-73.87583333,-500.0,1/1/1950 12:00:00 AM,6/30/2011 12:00:00 AM,0,0
1295401,12954,LGB,Long Beach Daugherty Field,"Long Beach, CA",9101,91,United States,US,California,CA,6.0,3257501,32575,"Los Angeles, CA (Metropolitan Area)",9101,91,33.0,N,49.0,3.0,33.8175,118.0,W,9.0,4.0,-118.15111111,-800.0,1/1/1950 12:00:00 AM,6/30/2011 12:00:00 AM,0,0
1298201,12982,LIH,Lihue Airport,"Lihue, HI",201,2,United States,US,Hawaii,HI,15.0,3298201,32982,"Lihue, HI",201,2,21.0,N,58.0,45.0,21.97916667,159.0,W,20.0,45.0,-159.34583333,-1000.0,1/1/1950 12:00:00 AM,6/30/2011 12:00:00 AM,0,0
1299201,12992,LIT,Adams Field,"Little Rock, AR",7101,71,United States,US,Arkansas,AR,5.0,3260001,32600,"Little Rock, AR",7101,71,34.0,N,43.0,45.0,34.72916667,92.0,W,14.0,4.0,-92.23444444,-600.0,1/1/1950 12:00:00 AM,11/30/1995 12:00:00 AM,0,0
1302901,13029,LNK,Lincoln Airport,"Lincoln, NE",6501,65,United States,US,Nebraska,NE,31.0,3302901,33029,"Lincoln, NE",6501,65,40.0,N,51.0,3.0,40.85083333,96.0,W,45.0,32.0,-96.75888889,-600.0,1/1/1950 12:00:00 AM,6/30/2011 12:00:00 AM,0,0
1303401,13034,LNY,Lanai Airport,"Lanai, HI",201,2,United States,US,Hawaii,HI,15.0,3303401,33034,"Lanai, HI",201,2,20.0,N,47.0,5.0,20.78472222,156.0,W,56.0,58.0,-156.94944444,-1000.0,1/1/1950 12:00:00 AM,6/30/2011 12:00:00 AM,0,0
1306101,13061,LRD,Laredo AFB,"Laredo, TX",7401,74,United States,US,Texas,TX,48.0,3303801,33038,"Laredo, TX",7401,74,27.0,N,32.0,41.0,27.54472222,99.0,W,27.0,40.0,-99.46111111,-600.0,1/1/1950 12:00:00 AM,12/31/1973 12:00:00 AM,0,0
1307601,13076,LSE,La Crosse Municipal,"La Crosse, WI",4501,45,United States,US,Wisconsin,WI,55.0,3307601,33076,"La Crosse, WI",4501,45,43.0,N,52.0,38.0,43.87722222,91.0,W,15.0,23.0,-91.25638889,-600.0,1/1/1950 12:00:00 AM,6/30/2011 12:00:00 AM,0,0
1312101,13121,LWB,Greenbrier Valley,"Lewisburg, WV",3901,39,United States,US,West Virginia,WV,54.0,3312101,33121,"Lewisburg, WV",3901,39,37.0,N,51.0,35.0,37.85972222,80.0,W,23.0,55.0,-80.39861111,-500.0,1/1/1950 12:00:00 AM,6/30/2011 12:00:00 AM,0,0
1312701,13127,LWS,Lewiston Nez Perce County,"Lewiston, ID",8301,83,United States,US,Idaho,ID,16.0,3312701,33127,"Lewiston, ID",8301,83,46.0,N,22.0,29.0,46.37472222,117.0,W,0.0,52.0,-117.01444444,-800.0,1/1/1950 12:00:00 AM,6/30/2011 12:00:00 AM,0,0
1313901,13139,LYH,Lynchburg Regional/Preston Glenn Field,"Lynchburg, VA",3801,38,United States,US,Virginia,VA,51.0,3313901,33139,"Lynchburg, VA",3801,38,37.0,N,19.0,37.0,37.32694444,79.0,W,12.0,4.0,-79.20111111,-500.0,1/1/1950 12:00:00 AM,6/30/2011 12:00:00 AM,0,0
1315801,13158,MAF,Midland Regional Air Trml,"Midland/Odessa, TX",7401,74,United States,US,Texas,TX,48.0,3315801,33158,"Midland/Odessa, TX",7401,74,31.0,N,56.0,27.0,31.94083333,102.0,W,12.0,5.0,-102.20138889,-600.0,1/1/1950 12:00:00 AM,12/31/1992 12:00:00 AM,0,0
1318401,13184,MBS,Tri City,"Saginaw/Bay City/Midland, MI",4301,43,United States,US,Michigan,MI,26.0,3318401,33184,"Saginaw/Bay City/Midland, MI",4301,43,43.0,N,31.0,54.0,43.53166667,84.0,W,4.0,54.0,-84.08166667,-500.0,1/1/1950 12:00:00 AM,6/30/1984 12:00:00 AM,0,0
1319801,13198,MCI,Kansas City International,"Kansas City, MO",6401,64,United States,US,Missouri,MO,29.0,3319801,33198,"Kansas City, MO",6401,64,39.0,N,17.0,51.0,39.2975,94.0,W,42.0,50.0,-94.71388889,-600.0,1/1/1950 12:00:00 AM,,0,1
1320401,13204,MCO,Orlando International,"Orlando, FL",3301,33,United States,US,Florida,FL,12.0,3145401,31454,"Orlando, FL",3301,33,28.0,N,25.0,54.0,28.43166667,81.0,W,19.0,29.0,-81.32472222,-500.0,1/1/1950 12:00:00 AM,6/30/2011 12:00:00 AM,0,0
1321101,13211,MCW,Mason City Municipal,"Mason City, IA",6101,61,United States,US,Iowa,IA,19.0,3321101,33211,"Mason City, IA",6101,61,43.0,N,9.0,25.0,43.15694444,93.0,W,19.0,46.0,-93.32944444,-600.0,1/1/1950 12:00:00 AM,6/30/2011 12:00:00 AM,0,0
1323001,13230,MDT,Harrisburg International,"Harrisburg, PA",2301,23,United States,US,Pennsylvania,PA,42.0,3207001,32070,"Harrisburg, PA",2301,23,40.0,N,11.0,35.0,40.19305556,76.0,W,45.0,44.0,-76.76222222,-500.0,1/1/1950 12:00:00 AM,6/30/2011 12:00:00 AM,0,0
1323201,13232,MDW,Chicago Midway International,"Chicago, IL",4101,41,United States,US,Illinois,IL,17.0,3097701,30977,"Chicago, IL",4101,41,41.0,N,47.0,6.0,41.785,87.0,W,45.0,7.0,-87.75194444,-600.0,1/1/1950 12:00:00 AM,6/30/2011 12:00:00 AM,0,0
1324101,13241,MEI,Key Field,"Meridian, MS",5301,53,United States,US,Mississippi,MS,28.0,3324101,33241,"Meridian, MS",5301,53,32.0,N,20.0,14.0,32.33722222,88.0,W,44.0,57.0,-88.74916667,-600.0,1/1/1950 12:00:00 AM,6/30/2011 12:00:00 AM,0,0
1324401,13244,MEM,Memphis International,"Memphis, TN",5401,54,United States,US,Tennessee,TN,47.0,3324401,33244,"Memphis, TN",5401,54,35.0,N,2.0,59.0,35.04972222,89.0,W,58.0,43.0,-89.97861111,-600.0,1/1/1950 12:00:00 AM,6/30/2011 12:00:00 AM,0,0
1325601,13256,MFE,McAllen Miller International,"Mission/McAllen/Edinburg, TX",7401,74,United States,US,Texas,TX,48.0,3325601,33256,"Mission/McAllen/Edinburg, TX",7401,74,26.0,N,10.0,37.0,26.17694444,98.0,W,14.0,23.0,-98.23972222,-600.0,1/1/1950 12:00:00 AM,6/30/2011 12:00:00 AM,0,0
1326401,13264,MFR,Medford Jackson County,"Medford, OR",9201,92,United States,US,Oregon,OR,41.0,3326401,33264,"Medford, OR",9201,92,42.0,N,22.0,25.0,42.37361111,122.0,W,52.0,20.0,-122.87222222,-800.0,1/1/1950 12:00:00 AM,2/28/1995 12:00:00 AM,0,0
1327701,13277,MGM,Dannelly Field,"Montgomery, AL",5101,51,United States,US,Alabama,AL,1.0,3327701,33277,"Montgomery, AL",5101,51,32.0,N,18.0,0.0,32.3,86.0,W,23.0,28.0,-86.39111111,-600.0,1/1/1950 12:00:00 AM,6/30/2011 12:00:00 AM,0,0
1329001,13290,MHK,Manhattan Regional,"Manhattan/Ft. Riley, KS",6201,62,United States,US,Kansas,KS,20.0,3329001,33290,"Manhattan/Ft. Riley, KS",6201,62,39.0,N,8.0,32.0,39.14222222,96.0,W,40.0,8.0,-96.66888889,-600.0,1/1/1950 12:00:00 AM,6/30/2011 12:00:00 AM,0,0
1329601,13296,MHT,Grenier Field/Manchester Municipal,"Manchester, NH",1401,14,United States,US,New Hampshire,NH,33.0,3072101,30721,"Boston, MA (Metropolitan Area)",1301,13,42.0,N,56.0,18.0,42.93833333,71.0,W,26.0,20.0,-71.43888889,-500.0,1/1/1950 12:00:00 AM,12/31/1977 12:00:00 AM,0,0
1330301,13303,MIA,Miami International,"Miami, FL",3301,33,United States,US,Florida,FL,12.0,3246701,32467,"Miami, FL (Metropolitan Area)",3301,33,25.0,N,47.0,33.0,25.7925,80.0,W,17.0,10.0,-80.28611111,-500.0,1/1/1950 12:00:00 AM,3/31/1980 12:00:00 AM,0,0
1334201,13342,MKE,General Mitchell Field,"Milwaukee, WI",4501,45,United States,US,Wisconsin,WI,55.0,3334201,33342,"Milwaukee, WI",4501,45,42.0,N,57.0,1.0,42.95027778,87.0,W,53.0,50.0,-87.89722222,-600.0,1/1/1950 12:00:00 AM,5/31/1986 12:00:00 AM,0,0
1334401,13344,MKG,Muskegon County,"Muskegon, MI",4301,43,United States,US,Michigan,MI,26.0,3334401,33344,"Muskegon, MI",4301,43,43.0,N,10.0,14.0,43.17055556,86.0,W,14.0,15.0,-86.2375,-500.0,1/1/1950 12:00:00 AM,6/30/2011 12:00:00 AM,0,0
1334701,13347,MKK,Molokai,"Hoolehua, HI",201,2,United States,US,Hawaii,HI,15.0,3334701,33347,"Hoolehua, HI",201,2,21.0,N,9.0,10.0,21.15277778,157.0,W,6.0,0.0,-157.1,-1000.0,1/1/1950 12:00:00 AM,6/30/2011 12:00:00 AM,0,0
1336001,13360,MLB,Melbourne Regional,"Melbourne, FL",3301,33,United States,US,Florida,FL,12.0,3336001,33360,"Melbourne, FL",3301,33,28.0,N,6.0,9.0,28.1025,80.0,W,38.0,35.0,-80.64305556,-500.0,1/1/1950 12:00:00 AM,6/30/1993 12:00:00 AM,0,0
1336701,13367,MLI,Quad City International,"Moline, IL",4101,41,United States,US,Illinois,IL,17.0,3336701,33367,"Quad Cities, IL (Metropolitan Area)",4101,41,41.0,N,26.0,56.0,41.44888889,90.0,W,30.0,18.0,-90.505,-600.0,1/1/1950 12:00:00 AM,6/30/2011 12:00:00 AM,0,0
1337701,13377,MLU,Monroe Regional,"Monroe, LA",7201,72,United States,US,Louisiana,LA,22.0,3337701,33377,"Monroe, LA",7201,72,32.0,N,30.0,40.0,32.51111111,92.0,W,2.0,20.0,-92.03888889,-600.0,1/1/1950 12:00:00 AM,6/30/2011 12:00:00 AM,0,0
1338801,13388,MMH,Mammoth Lakes Airport,"Mammoth Lakes, CA",9101,91,United States,US,California,CA,6.0,3338801,33388,"Mammoth Lakes, CA",9101,91,37.0,N,37.0,52.0,37.63111111,118.0,W,51.0,5.0,-118.85138889,-800.0,1/1/1950 12:00:00 AM,,0,1
1342201,13422,MOB,Mobile Regional,"Mobile, AL",5101,51,United States,US,Alabama,AL,1.0,3056201,30562,"Mobile, AL",5101,51,30.0,N,41.0,18.0,30.68833333,88.0,W,14.0,27.0,-88.24083333,-600.0,1/1/1950 12:00:00 AM,6/30/2011 12:00:00 AM,0,0
1343301,13433,MOT,Minot International,"Minot, ND",6601,66,United States,US,North Dakota,ND,38.0,3330401,33304,"Minot, ND",6601,66,48.0,N,15.0,34.0,48.25944444,101.0,W,16.0,51.0,-101.28083333,-600.0,1/1/1950 12:00:00 AM,6/30/2011 12:00:00 AM,0,0
1345901,13459,MQT,Marquette County,"Marquette, MI",4301,43,United States,US,Michigan,MI,26.0,3345901,33459,"Marquette, MI",4301,43,46.0,N,21.0,13.0,46.35361111,87.0,W,23.0,43.0,-87.39527778,-500.0,1/1/1950 12:00:00 AM,5/31/2002 12:00:00 AM,0,0
1347601,13476,MRY,Monterey Peninsula,"Monterey, CA",9101,91,United States,US,California,CA,6.0,3492201,34922,"Salinas/Monterey, CA",9101,91,36.0,N,35.0,17.0,36.58805556,121.0,W,50.0,53.0,-121.84805556,-800.0,1/1/1950 12:00:00 AM,6/30/2011 12:00:00 AM,0,0
1348501,13485,MSN,Truax Field,"Madison, WI",4501,45,United States,US,Wisconsin,WI,55.0,3348501,33485,"Madison, WI",4501,45,43.0,N,8.0,31.0,43.14194444,89.0,W,20.0,13.0,-89.33694444,-600.0,1/1/1950 12:00:00 AM,6/30/2011 12:00:00 AM,0,0
1348601,13486,MSO,Missoula International,"Missoula, MT",8401,84,United States,US,Montana,MT,30.0,3348601,33486,"Missoula, MT",8401,84,46.0,N,54.0,56.0,46.91555556,114.0,W,5.0,15.0,-114.0875,-700.0,1/1/1950 12:00:00 AM,6/30/2011 12:00:00 AM,0,0
1348701,13487,MSP,Minneapolis-St Paul International,"Minneapolis, MN",6301,63,United States,US,Minnesota,MN,27.0,3165001,31650,"Minneapolis/St. Paul, MN",6301,63,44.0,N,53.0,10.0,44.88611111,93.0,W,13.0,4.0,-93.21777778,-600.0,1/1/1950 12:00:00 AM,6/30/2011 12:00:00 AM,0,0
1349501,13495,MSY,Louis Armstrong New Orleans International,"New Orleans, LA",7201,72,United States,US,Louisiana,LA,22.0,3349501,33495,"New Orleans, LA",7201,72,29.0,N,59.0,28.0,29.99111111,90.0,W,15.0,5.0,-90.25138889,-600.0,1/1/1950 12:00:00 AM,6/30/2011 12:00:00 AM,0,0
1350201,13502,MTJ,Montrose Regional,"Montrose/Delta, CO",8201,82,United States,US,Colorado,CO,8.0,3350201,33502,"Montrose/Delta, CO",8201,82,38.0,N,30.0,2.0,38.50055556,107.0,W,53.0,41.0,-107.89472222,-700.0,1/1/1950 12:00:00 AM,6/30/2011 12:00:00 AM,0,0
1357701,13577,MYR,Myrtle Beach International,"Myrtle Beach, SC",3701,37,United States,US,South Carolina,SC,45.0,3113501,31135,"Myrtle Beach, SC",3701,37,33.0,N,40.0,45.0,33.67916667,78.0,W,55.0,47.0,-78.92972222,-500.0,1/1/1950 12:00:00 AM,6/30/2011 12:00:00 AM,0,0
1379501,13795,OAJ,Albert J Ellis,"Jacksonville/Camp Lejeune, NC",3601,36,United States,US,North Carolina,NC,37.0,3379501,33795,"Jacksonville/Camp Lejeune, NC",3601,36,34.0,N,49.0,49.0,34.83027778,77.0,W,36.0,42.0,-77.61166667,-500.0,1/1/1950 12:00:00 AM,6/30/2011 12:00:00 AM,0,0
1379601,13796,OAK,Metropolitan Oakland International,"Oakland, CA",9101,91,United States,US,California,CA,6.0,3245701,32457,"San Francisco, CA (Metropolitan Area)",9101,91,37.0,N,43.0,17.0,37.72138889,122.0,W,13.0,15.0,-122.22083333,-800.0,1/1/1950 12:00:00 AM,10/31/2013 12:00:00 AM,0,0
1382901,13829,OGD,Ogden-Hinckley,"Ogden, UT",8701,87,United States,US,Utah,UT,49.0,3213101,32131,"Ogden, UT",8701,87,41.0,N,11.0,47.0,41.19638889,112.0,W,0.0,39.0,-112.01083333,-700.0,1/1/1950 12:00:00 AM,6/30/2011 12:00:00 AM,0,0
1383001,13830,OGG,Kahului Airport,"Kahului, HI",201,2,United States,US,Hawaii,HI,15.0,3383001,33830,"Kahului, HI",201,2,20.0,N,54.0,2.0,20.90055556,156.0,W,26.0,1.0,-156.43361111,-1000.0,1/1/1950 12:00:00 AM,6/30/2011 12:00:00 AM,0,0
1383201,13832,OGS,Ogdensburg International,"Ogdensburg, NY",2201,22,United States,US,New York,NY,36.0,3383201,33832,"Ogdensburg, NY",2201,22,44.0,N,40.0,54.0,44.68166667,75.0,W,27.0,57.0,-75.46583333,-500.0,1/1/1950 12:00:00 AM,6/30/2011 12:00:00 AM,0,0
1385101,13851,OKC,Will Rogers World,"Oklahoma City, OK",7301,73,United States,US,Oklahoma,OK,40.0,3385101,33851,"Oklahoma City, OK",7301,73,35.0,N,23.0,32.0,35.39222222,97.0,W,36.0,6.0,-97.60166667,-600.0,1/1/1950 12:00:00 AM,11/30/1989 12:00:00 AM,0,0
1387101,13871,OMA,Eppley Airfield,"Omaha, NE",6501,65,United States,US,Nebraska,NE,31.0,3331601,33316,"Omaha, NE",6501,65,41.0,N,18.0,7.0,41.30194444,95.0,W,53.0,36.0,-95.89333333,-600.0,1/1/1950 12:00:00 AM,6/30/2011 12:00:00 AM,0,0
1387301,13873,OME,Nome Airport,"Nome, AK",101,1,United States,US,Alaska,AK,2.0,3387301,33873,"Nome, AK",101,1,64.0,N,30.0,41.0,64.51138889,165.0,W,26.0,30.0,-165.44166667,-900.0,1/1/1950 12:00:00 AM,6/30/2011 12:00:00 AM,0,0
1389101,13891,ONT,Ontario International,"Ontario, CA",9101,91,United States,US,California,CA,6.0,3257501,32575,"Los Angeles, CA (Metropolitan Area)",9101,91,34.0,N,3.0,22.0,34.05611111,117.0,W,36.0,4.0,-117.60111111,-800.0,1/1/1950 12:00:00 AM,,0,1
1393001,13930,ORD,Chicago O'Hare International,"Chicago, IL",4101,41,United States,US,Illinois,IL,17.0,3097701,30977,"Chicago, IL",4101,41,41.0,N,58.0,41.0,41.97805556,87.0,W,54.0,22.0,-87.90611111,-600.0,1/1/1950 12:00:00 AM,6/30/2011 12:00:00 AM,0,0
1393101,13931,ORF,Norfolk International,"Norfolk, VA",3801,38,United States,US,Virginia,VA,51.0,3366701,33667,"Norfolk, VA (Metropolitan Area)",3801,38,36.0,N,53.0,45.0,36.89583333,76.0,W,12.0,5.0,-76.20138889,-500.0,1/1/1950 12:00:00 AM,6/30/2011 12:00:00 AM,0,0
1393301,13933,ORH,Worcester Regional,"Worcester, MA",1301,13,United States,US,Massachusetts,MA,25.0,3393301,33933,"Worcester, MA",1301,13,42.0,N,16.0,9.0,42.26916667,71.0,W,52.0,28.0,-71.87444444,-500.0,1/1/1950 12:00:00 AM,6/30/2011 12:00:00 AM,0,0
1396401,13964,OTH,North Bend Municipal,"North Bend/Coos Bay, OR",9201,92,United States,US,Oregon,OR,41.0,3396401,33964,"North Bend/Coos Bay, OR",9201,92,43.0,N,25.0,8.0,43.41888889,124.0,W,14.0,24.0,-124.24,-800.0,1/1/1950 12:00:00 AM,3/31/2006 12:00:00 AM,0,0
1397001,13970,OTZ,Ralph Wien Memorial,"Kotzebue, AK",101,1,United States,US,Alaska,AK,2.0,3397001,33970,"Kotzebue, AK",101,1,66.0,N,53.0,17.0,66.88805556,162.0,W,36.0,21.0,-162.60583333,-900.0,1/1/1950 12:00:00 AM,6/30/2011 12:00:00 AM,0,0
1398301,13983,OWB,Owensboro Daviess County,"Owensboro, KY",5201,52,United States,US,Kentucky,KY,21.0,3398301,33983,"Owensboro, KY",5201,52,37.0,N,44.0,27.0,37.74083333,87.0,W,9.0,57.0,-87.16583333,-600.0,1/1/1950 12:00:00 AM,6/30/2011 12:00:00 AM,0,0
1400401,14004,PAE,Snohomish County Paine Field,"Everett, WA",9301,93,United States,US,Washington,WA,53.0,3400401,34004,"Everett, WA",9301,93,47.0,N,54.0,30.0,47.90833333,122.0,W,16.0,53.0,-122.28138889,-800.0,1/1/1950 12:00:00 AM,6/30/2011 12:00:00 AM,0,0
1400601,14006,PAH,Barkley Regional,"Paducah, KY",5201,52,United States,US,Kentucky,KY,21.0,3400601,34006,"Paducah, KY",5201,52,37.0,N,3.0,40.0,37.06111111,88.0,W,46.0,21.0,-88.7725,-600.0,1/1/1950 12:00:00 AM,6/30/2011 12:00:00 AM,0,0
1402501,14025,PBG,Plattsburgh International,"Plattsburgh, NY",2201,22,United States,US,New York,NY,36.0,3402501,34025,"Plattsburgh, NY",2201,22,44.0,N,39.0,3.0,44.65083333,73.0,W,28.0,5.0,-73.46805556,-500.0,12/1/1975 12:00:00 AM,,0,1
1402701,14027,PBI,Palm Beach International,"West Palm Beach/Palm Beach, FL",3301,33,United States,US,Florida,FL,12.0,3402701,34027,"West Palm Beach/Palm Beach, FL",3301,33,26.0,N,40.0,56.0,26.68222222,80.0,W,5.0,39.0,-80.09416667,-500.0,1/1/1950 12:00:00 AM,6/30/2011 12:00:00 AM,0,0
1405701,14057,PDX,Portland International,"Portland, OR",9201,92,United States,US,Oregon,OR,41.0,3405701,34057,"Portland, OR",9201,92,45.0,N,35.0,21.0,45.58916667,122.0,W,35.0,42.0,-122.595,-800.0,1/1/1950 12:00:00 AM,6/30/2011 12:00:00 AM,0,0
1408201,14082,PGD,Charlotte County,"Punta Gorda, FL",3301,33,United States,US,Florida,FL,12.0,3408201,34082,"Punta Gorda, FL",3301,33,26.0,N,55.0,9.0,26.91916667,81.0,W,59.0,29.0,-81.99138889,-500.0,1/1/1950 12:00:00 AM,6/30/2011 12:00:00 AM,0,0
1409201,14092,PGV,Pitt Greenville,"Greenville, NC",3601,36,United States,US,North Carolina,NC,37.0,3409201,34092,"Greenville, NC",3601,36,35.0,N,38.0,0.0,35.63333333,77.0,W,23.0,7.0,-77.38527778,-500.0,1/1/1950 12:00:00 AM,6/30/2011 12:00:00 AM,0,0
1409801,14098,PHF,Patrick Henry International,"Newport News/Williamsburg, VA",3801,38,United States,US,Virginia,VA,51.0,3366701,33667,"Norfolk, VA (Metropolitan Area)",3801,38,37.0,N,7.0,54.0,37.13166667,76.0,W,29.0,36.0,-76.49333333,-500.0,1/1/1950 12:00:00 AM,8/31/1990 12:00:00 AM,0,0
1410001,14100,PHL,Philadelphia International,"Philadelphia, PA",2301,23,United States,US,Pennsylvania,PA,42.0,3410001,34100,"Philadelphia, PA",2301,23,39.0,N,52.0,5.0,39.86805556,75.0,W,14.0,55.0,-75.24861111,-500.0,1/1/1950 12:00:00 AM,6/30/2011 12:00:00 AM,0,0
1410701,14107,PHX,Phoenix Sky Harbor International,"Phoenix, AZ",8101,81,United States,US,Arizona,AZ,4.0,3046601,30466,"Phoenix, AZ",8101,81,33.0,N,26.0,10.0,33.43611111,112.0,W,0.0,34.0,-112.00944444,-700.0,1/1/1950 12:00:00 AM,6/30/2011 12:00:00 AM,0,0
1410801,14108,PIA,Greater Peoria,"Peoria, IL",4101,41,United States,US,Illinois,IL,17.0,3410801,34108,"Peoria, IL",4101,41,40.0,N,39.0,41.0,40.66138889,89.0,W,41.0,14.0,-89.68722222,-600.0,1/1/1950 12:00:00 AM,9/30/2008 12:00:00 AM,0,0
1410901,14109,PIB,Hattiesburg-Laurel Regional,"Hattiesburg/Laurel, MS",5301,53,United States,US,Mississippi,MS,28.0,3410901,34109,"Hattiesburg/Laurel, MS",5301,53,31.0,N,28.0,3.0,31.4675,89.0,W,20.0,12.0,-89.33666667,-600.0,1/1/1950 12:00:00 AM,6/30/2011 12:00:00 AM,0,0
1411201,14112,PIE,St. Petersburg-Clearwater International,"St. Petersburg, FL",3301,33,United States,US,Florida,FL,12.0,3319501,33195,"Tampa, FL (Metropolitan Area)",3301,33,27.0,N,54.0,26.0,27.90722222,82.0,W,41.0,8.0,-82.68555556,-500.0,1/1/1950 12:00:00 AM,6/30/2011 12:00:00 AM,0,0
1411301,14113,PIH,Pocatello Regional,"Pocatello, ID",8301,83,United States,US,Idaho,ID,16.0,3411301,34113,"Pocatello, ID",8301,83,42.0,N,54.0,48.0,42.91333333,112.0,W,35.0,40.0,-112.59444444,-700.0,1/1/1950 12:00:00 AM,6/30/2011 12:00:00 AM,0,0
1412001,14120,PIR,Pierre Municipal,"Pierre, SD",6701,67,United States,US,South Dakota,SD,46.0,3412001,34120,"Pierre, SD",6701,67,44.0,N,23.0,1.0,44.38361111,100.0,W,17.0,3.0,-100.28416667,-600.0,1/1/1950 12:00:00 AM,6/30/2011 12:00:00 AM,0,0
1412201,14122,PIT,Pittsburgh International,"Pittsburgh, PA",2301,23,United States,US,Pennsylvania,PA,42.0,3019801,30198,"Pittsburgh, PA",2301,23,40.0,N,29.0,48.0,40.49666667,80.0,W,14.0,9.0,-80.23583333,-500.0,1/1/1950 12:00:00 AM,6/30/2011 12:00:00 AM,0,0
1415001,14150,PLN,Pellston Regional Airport of Emmet County,"Pellston, MI",4301,43,United States,US,Michigan,MI,26.0,3415001,34150,"Pellston, MI",4301,43,45.0,N,34.0,15.0,45.57083333,84.0,W,47.0,34.0,-84.79277778,-500.0,1/1/1950 12:00:00 AM,6/30/2011 12:00:00 AM,0,0
1419301,14193,PNS,Pensacola Regional,"Pensacola, FL",3301,33,United States,US,Florida,FL,12.0,3372801,33728,"Pensacola, FL",3301,33,30.0,N,28.0,24.0,30.47333333,87.0,W,11.0,15.0,-87.1875,-600.0,1/1/1950 12:00:00 AM,6/30/2008 12:00:00 AM,0,0
1422201,14222,PPG,Pago Pago International,"Pago Pago, American Samoa",80001,800,American Samoa,AS,,,,3422201,34222,"Pago Pago, American Samoa",80001,800,14.0,S,20.0,4.0,-14.33444444,170.0,W,42.0,35.0,-170.70972222,-1100.0,1/1/1950 12:00:00 AM,12/31/1989 12:00:00 AM,0,0
1423101,14231,PQI,Presque Isle Municipal,"Presque Isle/Houlton, ME",1201,12,United States,US,Maine,ME,23.0,3423101,34231,"Presque Isle/Houlton, ME",1201,12,46.0,N,41.0,6.0,46.685,68.0,W,2.0,51.0,-68.0475,-500.0,1/1/1950 12:00:00 AM,6/30/2011 12:00:00 AM,0,0
1423701,14237,PRC,Prescott Municipal,"Prescott, AZ",8101,81,United States,US,Arizona,AZ,4.0,3423701,34237,"Prescott, AZ",8101,81,34.0,N,39.0,0.0,34.65,112.0,W,25.0,27.0,-112.42416667,-700.0,1/1/1950 12:00:00 AM,6/30/2011 12:00:00 AM,0,0
1425201,14252,PSC,Tri Cities,"Pasco/Kennewick/Richland, WA",9301,93,United States,US,Washington,WA,53.0,3425201,34252,"Pasco/Kennewick/Richland, WA",9301,93,46.0,N,15.0,50.0,46.26388889,119.0,W,6.0,53.0,-119.11472222,-800.0,1/1/1950 12:00:00 AM,6/30/2011 12:00:00 AM,0,0
1425401,14254,PSE,Ponce Airport,"Ponce, Puerto Rico",26801,268,Puerto Rico,PR,,,,3425401,34254,"Ponce, Puerto Rico",26801,268,18.0,N,0.0,39.0,18.01083333,66.0,W,33.0,49.0,-66.56361111,-400.0,1/1/1950 12:00:00 AM,12/31/1989 12:00:00 AM,0,0
1425601,14256,PSG,Petersburg James A Johnson,"Petersburg, AK",101,1,United States,US,Alaska,AK,2.0,3425601,34256,"Petersburg, AK",101,1,56.0,N,48.0,15.0,56.80416667,132.0,W,56.0,33.0,-132.9425,-900.0,1/1/1950 12:00:00 AM,6/30/2011 12:00:00 AM,0,0
1425901,14259,PSM,Portsmouth Pease International,"Portsmouth, NH",1401,14,United States,US,New Hampshire,NH,33.0,3425901,34259,"Portsmouth, NH",1401,14,43.0,N,4.0,40.0,43.07777778,70.0,W,49.0,24.0,-70.82333333,-500.0,1/1/1950 12:00:00 AM,6/30/2011 12:00:00 AM,0,0
1426201,14262,PSP,Palm Springs International,"Palm Springs, CA",9101,91,United States,US,California,CA,6.0,3426201,34262,"Palm Springs, CA",9101,91,33.0,N,49.0,36.0,33.82666667,116.0,W,30.0,18.0,-116.505,-800.0,1/1/1950 12:00:00 AM,6/30/2011 12:00:00 AM,0,0
1428801,14288,PUB,Pueblo Memorial,"Pueblo, CO",8201,82,United States,US,Colorado,CO,8.0,3428801,34288,"Pueblo, CO",8201,82,38.0,N,17.0,34.0,38.29277778,104.0,W,29.0,46.0,-104.49611111,-700.0,1/1/1950 12:00:00 AM,6/30/2011 12:00:00 AM,0,0
1430301,14303,PUW,Pullman Moscow Regional,"Pullman, WA",9301,93,United States,US,Washington,WA,53.0,3430301,34303,"Pullman, WA",9301,93,46.0,N,44.0,41.0,46.74472222,117.0,W,6.0,18.0,-117.105,-800.0,1/1/1950 12:00:00 AM,6/30/2011 12:00:00 AM,0,0
1430701,14307,PVD,Theodore Francis Green State,"Providence, RI",1501,15,United States,US,Rhode Island,RI,44.0,3072101,30721,"Boston, MA (Metropolitan Area)",1301,13,41.0,N,43.0,42.0,41.72833333,71.0,W,25.0,34.0,-71.42611111,-500.0,1/1/1950 12:00:00 AM,6/30/2011 12:00:00 AM,0,0
1431401,14314,PVU,Provo Municipal,"Provo, UT",8701,87,United States,US,Utah,UT,49.0,3431401,34314,"Provo, UT",8701,87,40.0,N,13.0,5.0,40.21805556,111.0,W,43.0,20.0,-111.72222222,-700.0,1/1/1950 12:00:00 AM,6/30/2011 12:00:00 AM,0,0
1432101,14321,PWM,Portland International Jetport,"Portland, ME",1201,12,United States,US,Maine,ME,23.0,3432101,34321,"Portland, ME",1201,12,43.0,N,38.0,40.0,43.64444444,70.0,W,18.0,13.0,-70.30361111,-500.0,1/1/1950 12:00:00 AM,6/30/2011 12:00:00 AM,0,0
1445701,14457,RAP,Rapid City Regional,"Rapid City, SD",6701,67,United States,US,South Dakota,SD,46.0,3445701,34457,"Rapid City, SD",6701,67,44.0,N,2.0,43.0,44.04527778,103.0,W,3.0,25.0,-103.05694444,-700.0,1/1/1950 12:00:00 AM,6/30/2011 12:00:00 AM,0,0
1448701,14487,RDD,Redding Municipal,"Redding, CA",9101,91,United States,US,California,CA,6.0,3379201,33792,"Redding, CA",9101,91,40.0,N,30.0,30.0,40.50833333,122.0,W,17.0,32.0,-122.29222222,-800.0,1/1/1950 12:00:00 AM,6/30/2011 12:00:00 AM,0,0
1448901,14489,RDM,Roberts Field,"Bend/Redmond, OR",9201,92,United States,US,Oregon,OR,41.0,3448901,34489,"Bend/Redmond, OR",9201,92,44.0,N,15.0,16.0,44.25444444,121.0,W,9.0,5.0,-121.15138889,-800.0,1/1/1950 12:00:00 AM,6/30/2011 12:00:00 AM,0,0
1449201,14492,RDU,Raleigh-Durham International,"Raleigh/Durham, NC",3601,36,United States,US,North Carolina,NC,37.0,3449201,34492,"Raleigh/Durham, NC",3601,36,35.0,N,52.0,31.0,35.87527778,78.0,W,46.0,55.0,-78.78194444,-500.0,1/1/1950 12:00:00 AM,6/30/2011 12:00:00 AM,0,0
1451201,14512,RFD,Chicago/Rockford International,"Rockford, IL",4101,41,United States,US,Illinois,IL,17.0,3451201,34512,"Rockford, IL",4101,41,42.0,N,11.0,50.0,42.19722222,89.0,W,5.0,33.0,-89.0925,-600.0,1/1/1950 12:00:00 AM,6/30/2011 12:00:00 AM,0,0
1452001,14520,RHI,Rhinelander/Oneida County,"Rhinelander, WI",4501,45,United States,US,Wisconsin,WI,55.0,3452001,34520,"Rhinelander, WI",4501,45,45.0,N,37.0,53.0,45.63138889,89.0,W,27.0,27.0,-89.4575,-600.0,1/1/1950 12:00:00 AM,6/30/2011 12:00:00 AM,0,0
1452401,14524,RIC,Richmond International,"Richmond, VA",3801,38,United States,US,Virginia,VA,51.0,3452401,34524,"Richmond, VA",3801,38,37.0,N,30.0,19.0,37.50527778,77.0,W,19.0,11.0,-77.31972222,-500.0,1/1/1950 12:00:00 AM,,0,1
1453401,14534,RIW,Riverton Regional,"Riverton/Lander, WY",8801,88,United States,US,Wyoming,WY,56.0,3453401,34534,"Riverton/Lander, WY",8801,88,43.0,N,3.0,52.0,43.06444444,108.0,W,27.0,25.0,-108.45694444,-700.0,1/1/1950 12:00:00 AM,6/30/2011 12:00:00 AM,0,0
1454301,14543,RKS,Rock Springs Sweetwater County,"Rock Springs, WY",8801,88,United States,US,Wyoming,WY,56.0,3454301,34543,"Rock Springs, WY",8801,88,41.0,N,35.0,47.0,41.59638889,109.0,W,3.0,57.0,-109.06583333,-700.0,1/1/1950 12:00:00 AM,6/30/2011 12:00:00 AM,0,0
1457001,14570,RNO,Reno/Tahoe International,"Reno, NV",8501,85,United States,US,Nevada,NV,32.0,3457001,34570,"Reno, NV",8501,85,39.0,N,29.0,52.0,39.49777778,119.0,W,46.0,3.0,-119.7675,-800.0,1/1/1950 12:00:00 AM,6/30/2011 12:00:00 AM,0,0
1457401,14574,ROA,Roanoke Regional/Woodrum Field,"Roanoke, VA",3801,38,United States,US,Virginia,VA,51.0,3457401,34574,"Roanoke, VA",3801,38,37.0,N,19.0,29.0,37.32472222,79.0,W,58.0,35.0,-79.97638889,-500.0,1/1/1950 12:00:00 AM,6/30/2011 12:00:00 AM,0,0
1457601,14576,ROC,Rochester Monroe County,"Rochester, NY",2201,22,United States,US,New York,NY,36.0,3457601,34576,"Rochester, NY",2201,22,43.0,N,7.0,17.0,43.12138889,77.0,W,40.0,15.0,-77.67083333,-500.0,1/1/1950 12:00:00 AM,3/31/1995 12:00:00 AM,0,0
1458201,14582,ROP,Rota International,"Rota, Northern Mariana Islands",84101,841,Northern Mariana Islands,MP,,,,3458201,34582,"Rota, Northern Mariana Islands",84101,841,14.0,N,10.0,24.0,14.17333333,145.0,E,14.0,20.0,145.23888889,1000.0,1/1/1950 12:00:00 AM,12/31/1989 12:00:00 AM,0,0
1458801,14588,ROW,Roswell International Air Center,"Roswell, NM",8601,86,United States,US,New Mexico,NM,35.0,3458801,34588,"Roswell, NM",8601,86,33.0,N,18.0,6.0,33.30166667,104.0,W,31.0,50.0,-104.53055556,-700.0,1/1/1950 12:00:00 AM,7/31/2017 12:00:00 AM,0,0
1463301,14633,RST,Rochester Municipal,"Rochester, MN",6301,63,United States,US,Minnesota,MN,27.0,3254701,32547,"Rochester, MN",6301,63,43.0,N,54.0,37.0,43.91027778,92.0,W,29.0,47.0,-92.49638889,-600.0,1/1/1950 12:00:00 AM,6/30/1995 12:00:00 AM,0,0
1463501,14635,RSW,Southwest Florida International,"Fort Myers, FL",3301,33,United States,US,Florida,FL,12.0,3171401,31714,"Fort Myers, FL",3301,33,26.0,N,32.0,10.0,26.53611111,81.0,W,45.0,18.0,-81.755,-500.0,1/1/1950 12:00:00 AM,6/30/2011 12:00:00 AM,0,0
1467401,14674,SAF,Santa Fe Municipal,"Santa Fe, NM",8601,86,United States,US,New Mexico,NM,35.0,3467401,34674,"Santa Fe, NM",8601,86,35.0,N,37.0,3.0,35.6175,106.0,W,5.0,18.0,-106.08833333,-700.0,1/1/1950 12:00:00 AM,6/30/2011 12:00:00 AM,0,0
1467901,14679,SAN,San Diego International Lindbergh Fl,"San Diego, CA",9101,91,United States,US,California,CA,6.0,3357001,33570,"San Diego, CA",9101,91,32.0,N,43.0,58.0,32.73277778,117.0,W,11.0,14.0,-117.18722222,-800.0,1/1/1950 12:00:00 AM,12/31/1990 12:00:00 AM,0,0
1468301,14683,SAT,San Antonio International,"San Antonio, TX",7401,74,United States,US,Texas,TX,48.0,3321401,33214,"San Antonio, TX",7401,74,29.0,N,32.0,0.0,29.53333333,98.0,W,28.0,10.0,-98.46944444,-600.0,1/1/1950 12:00:00 AM,6/30/2011 12:00:00 AM,0,0
1468501,14685,SAV,Savannah/Hilton Head International,"Savannah, GA",3401,34,United States,US,Georgia,GA,13.0,3468501,34685,"Savannah, GA",3401,34,32.0,N,7.0,39.0,32.1275,81.0,W,12.0,9.0,-81.2025,-500.0,1/1/1950 12:00:00 AM,6/30/2011 12:00:00 AM,0,0
1468901,14689,SBA,Santa Barbara Municipal,"Santa Barbara, CA",9101,91,United States,US,California,CA,6.0,3468901,34689,"Santa Barbara, CA",9101,91,34.0,N,25.0,40.0,34.42777778,119.0,W,50.0,22.0,-119.83944444,-800.0,1/1/1950 12:00:00 AM,6/30/2011 12:00:00 AM,0,0
1469601,14696,SBN,Michiana Regional,"South Bend, IN",4201,42,United States,US,Indiana,IN,18.0,3469601,34696,"South Bend, IN",4201,42,41.0,N,42.0,16.0,41.70444444,86.0,W,18.0,45.0,-86.3125,-500.0,1/1/1950 12:00:00 AM,12/31/2000 12:00:00 AM,0,0
1469801,14698,SBP,San Luis Obispo County Regional,"San Luis Obispo, CA",9101,91,United States,US,California,CA,6.0,3423601,34236,"Paso Robles/San Luis Obispo, CA",9101,91,35.0,N,14.0,12.0,35.23666667,120.0,W,38.0,21.0,-120.63916667,-800.0,1/1/1950 12:00:00 AM,6/30/2011 12:00:00 AM,0,0
1470401,14704,SBY,Salisbury-Ocean City/Wicomico Regional,"Salisbury, MD",3501,35,United States,US,Maryland,MD,24.0,3470401,34704,"Salisbury, MD",3501,35,38.0,N,20.0,19.0,38.33861111,75.0,W,30.0,36.0,-75.51,-500.0,1/1/1950 12:00:00 AM,6/30/2011 12:00:00 AM,0,0
1470901,14709,SCC,Deadhorse Airport,"Deadhorse, AK",101,1,United States,US,Alaska,AK,2.0,3007301,30073,"Deadhorse, AK",101,1,70.0,N,11.0,40.0,70.19444444,148.0,W,28.0,5.0,-148.46805556,-900.0,1/1/1950 12:00:00 AM,5/31/1985 12:00:00 AM,0,0
1471101,14711,SCE,State College Air Depot,"State College, PA",2301,23,United States,US,Pennsylvania,PA,42.0,3471101,34711,"Philipsburg/State College, PA",2301,23,40.0,N,46.0,15.0,40.77083333,77.0,W,52.0,53.0,-77.88138889,-500.0,1/1/1950 12:00:00 AM,12/31/2002 12:00:00 AM,0,0
1471601,14716,SCK,Stockton Metropolitan,"Stockton, CA",9101,91,United States,US,California,CA,6.0,3471601,34716,"Stockton, CA",9101,91,37.0,N,53.0,40.0,37.89444444,121.0,W,14.0,21.0,-121.23916667,-800.0,1/1/1950 12:00:00 AM,6/30/2011 12:00:00 AM,0,0
1473001,14730,SDF,Standiford Field,"Louisville, KY",5201,52,United States,US,Kentucky,KY,21.0,3304401,33044,"Louisville, KY",5201,52,38.0,N,10.0,47.0,38.17972222,85.0,W,44.0,19.0,-85.73861111,-500.0,1/1/1950 12:00:00 AM,6/30/1995 12:00:00 AM,0,0
1474701,14747,SEA,Seattle International,"Seattle, WA",9301,93,United States,US,Washington,WA,53.0,3055901,30559,"Seattle, WA",9301,93,47.0,N,26.0,50.0,47.44722222,122.0,W,18.0,20.0,-122.30555556,-800.0,1/1/1950 12:00:00 AM,11/30/1983 12:00:00 AM,0,0
1476101,14761,SFB,Sanford NAS,"Sanford, FL",3301,33,United States,US,Florida,FL,12.0,3476101,34761,"Sanford, FL",3301,33,28.0,N,46.0,30.0,28.775,81.0,W,14.0,25.0,-81.24027778,-500.0,1/1/1950 12:00:00 AM,12/31/1968 12:00:00 AM,0,0
1477101,14771,SFO,San Francisco International,"San Francisco, CA",9101,91,United States,US,California,CA,6.0,3245701,32457,"San Francisco, CA (Metropolitan Area)",9101,91,37.0,N,37.0,8.0,37.61888889,122.0,W,22.0,30.0,-122.375,-800.0,1/1/1950 12:00:00 AM,3/31/2015 12:00:00 AM,0,0
1478301,14783,SGF,Springfield-Branson National,"Springfield, MO",6401,64,United States,US,Missouri,MO,29.0,3478301,34783,"Springfield, MO",6401,64,37.0,N,14.0,24.0,37.24,93.0,W,23.0,6.0,-93.385,-600.0,1/1/1950 12:00:00 AM,6/30/2011 12:00:00 AM,0,0
1479401,14794,SGU,St George Municipal,"St. George, UT",8701,87,United States,US,Utah,UT,49.0,3479401,34794,"St. George, UT",8701,87,37.0,N,5.0,35.0,37.09305556,113.0,W,35.0,32.0,-113.59222222,-700.0,1/1/1950 12:00:00 AM,12/31/2010 12:00:00 AM,0,0
1480201,14802,SHD,Shenandoah Valley Regional,"Staunton, VA",3801,38,United States,US,Virginia,VA,51.0,3480201,34802,"Staunton, VA",3801,38,38.0,N,15.0,50.0,38.26388889,78.0,W,53.0,48.0,-78.89666667,-500.0,1/1/1950 12:00:00 AM,6/30/2011 12:00:00 AM,0,0
1481201,14812,SHR,Sheridan County,"Sheridan, WY",8801,88,United States,US,Wyoming,WY,56.0,3481201,34812,"Sheridan, WY",8801,88,44.0,N,46.0,27.0,44.77416667,106.0,W,58.0,38.0,-106.97722222,-700.0,1/1/1950 12:00:00 AM,6/30/2011 12:00:00 AM,0,0
1481401,14814,SHV,Shreveport Regional,"Shreveport, LA",7201,72,United States,US,Louisiana,LA,22.0,3047601,30476,"Shreveport, LA",7201,72,32.0,N,26.0,49.0,32.44694444,93.0,W,49.0,32.0,-93.82555556,-600.0,1/1/1950 12:00:00 AM,6/30/2011 12:00:00 AM,0,0
1482801,14828,SIT,Sitka Rocky Gutierrez,"Sitka, AK",101,1,United States,US,Alaska,AK,2.0,3482801,34828,"Sitka, AK",101,1,57.0,N,2.0,55.0,57.04861111,135.0,W,21.0,42.0,-135.36166667,-900.0,1/1/1950 12:00:00 AM,6/30/2011 12:00:00 AM,0,0
1483101,14831,SJC,San Jose International,"San Jose, CA",9101,91,United States,US,California,CA,6.0,3245701,32457,"San Francisco, CA (Metropolitan Area)",9101,91,37.0,N,21.0,46.0,37.36277778,121.0,W,56.0,26.0,-121.94055556,-800.0,1/1/1950 12:00:00 AM,10/31/2001 12:00:00 AM,0,0
1484201,14842,SJT,San Angelo Regional/Mathis Field,"San Angelo, TX",7401,74,United States,US,Texas,TX,48.0,3484201,34842,"San Angelo, TX",7401,74,31.0,N,21.0,35.0,31.35972222,100.0,W,29.0,40.0,-100.49444444,-600.0,1/1/1950 12:00:00 AM,6/30/2011 12:00:00 AM,0,0
1484301,14843,SJU,Puerto Rico International,"San Juan, Puerto Rico",26801,268,Puerto Rico,PR,,,,3481901,34819,"San Juan, Puerto Rico",26801,268,18.0,N,26.0,24.0,18.44,66.0,W,0.0,8.0,-66.00222222,-400.0,1/1/1950 12:00:00 AM,12/31/1989 12:00:00 AM,0,0
1486901,14869,SLC,Salt Lake City International,"Salt Lake City, UT",8701,87,United States,US,Utah,UT,49.0,3461401,34614,"Salt Lake City, UT",8701,87,40.0,N,47.0,3.0,40.78416667,111.0,W,58.0,1.0,-111.96694444,-700.0,1/1/1950 12:00:00 AM,8/31/1994 12:00:00 AM,0,0
1487701,14877,SLN,Salina Municipal,"Salina, KS",6201,62,United States,US,Kansas,KS,20.0,3487701,34877,"Salina, KS",6201,62,38.0,N,47.0,27.0,38.79083333,97.0,W,39.0,9.0,-97.6525,-600.0,1/1/1950 12:00:00 AM,6/30/2011 12:00:00 AM,0,0
1489301,14893,SMF,Sacramento International,"Sacramento, CA",9101,91,United States,US,California,CA,6.0,3319201,33192,"Sacramento, CA",9101,91,38.0,N,41.0,44.0,38.69555556,121.0,W,35.0,23.0,-121.58972222,-800.0,1/1/1950 12:00:00 AM,6/30/2011 12:00:00 AM,0,0
1490501,14905,SMX,Santa Maria Public/Capt. G. Allan Hancock Field,"Santa Maria, CA",9101,91,United States,US,California,CA,6.0,3490501,34905,"Santa Maria, CA",9101,91,34.0,N,54.0,18.0,34.905,120.0,W,27.0,28.0,-120.45777778,-800.0,1/1/1950 12:00:00 AM,6/30/2011 12:00:00 AM,0,0
1490801,14908,SNA,Orange County,"Santa Ana, CA",9101,91,United States,US,California,CA,6.0,3257501,32575,"Los Angeles, CA (Metropolitan Area)",9101,91,33.0,N,40.0,32.0,33.67555556,117.0,W,52.0,1.0,-117.86694444,-800.0,1/1/1950 12:00:00 AM,5/31/1979 12:00:00 AM,0,0
1495201,14952,SPI,Capital,"Springfield, IL",4101,41,United States,US,Illinois,IL,17.0,3495201,34952,"Springfield, IL",4101,41,39.0,N,50.0,39.0,39.84416667,89.0,W,40.0,44.0,-89.67888889,-600.0,1/1/1950 12:00:00 AM,5/31/2004 12:00:00 AM,0,0
1495501,14955,SPN,Saipan International,"Saipan, Northern Mariana Islands",84101,841,Northern Mariana Islands,MP,,,,3495501,34955,"Saipan, Northern Mariana Islands",84101,841,15.0,N,7.0,13.0,15.12027778,145.0,E,43.0,49.0,145.73027778,1000.0,1/1/1950 12:00:00 AM,12/31/1989 12:00:00 AM,0,0
1496001,14960,SPS,Sheppard AFB/Wichita Falls Municipal,"Wichita Falls, TX",7401,74,United States,US,Texas,TX,48.0,3496001,34960,"Wichita Falls, TX",7401,74,33.0,N,59.0,18.0,33.98833333,98.0,W,29.0,31.0,-98.49194444,-600.0,1/1/1950 12:00:00 AM,6/30/2011 12:00:00 AM,0,0
1498601,14986,SRQ,Sarasota/Bradenton Airport,"Sarasota/Bradenton, FL",3301,33,United States,US,Florida,FL,12.0,3498601,34986,"Sarasota/Bradenton, FL",3301,33,27.0,N,23.0,38.0,27.39388889,82.0,W,33.0,15.0,-82.55416667,-500.0,1/1/1950 12:00:00 AM,10/31/1992 12:00:00 AM,0,0
1500801,15008,STC,St. Cloud Regional,"St. Cloud, MN",6301,63,United States,US,Minnesota,MN,27.0,3255601,32556,"St. Cloud, MN",6301,63,45.0,N,32.0,43.0,45.54527778,94.0,W,3.0,30.0,-94.05833333,-600.0,1/1/1950 12:00:00 AM,6/30/2011 12:00:00 AM,0,0
1501601,15016,STL,Lambert-St. Louis International,"St. Louis, MO",6401,64,United States,US,Missouri,MO,29.0,3112301,31123,"St. Louis, MO",6401,64,38.0,N,44.0,50.0,38.74722222,90.0,W,21.0,52.0,-90.36444444,-600.0,1/1/1950 12:00:00 AM,11/30/2002 12:00:00 AM,0,0
1502301,15023,STS,Charles M. Schulz - Sonoma County,"Santa Rosa, CA",9101,91,United States,US,California,CA,6.0,3443301,34433,"Santa Rosa, CA",9101,91,38.0,N,30.0,33.0,38.50916667,122.0,W,48.0,42.0,-122.81166667,-800.0,1/1/1950 12:00:00 AM,6/30/2011 12:00:00 AM,0,0
1502401,15024,STT,Harry S Truman,"Charlotte Amalie, Virgin Islands",28301,283,Virgin Islands,VI,,,,3494501,34945,"Charlotte Amalie, Virgin Islands",28301,283,18.0,N,20.0,14.0,18.33722222,64.0,W,58.0,24.0,-64.97333333,-400.0,1/1/1950 12:00:00 AM,12/31/1983 12:00:00 AM,0,0
1502701,15027,STX,Alexander Hamilton,"Christiansted, Virgin Islands",28301,283,Virgin Islands,VI,,,,3499201,34992,"Christiansted, Virgin Islands",28301,283,17.0,N,42.0,14.0,17.70388889,64.0,W,47.0,56.0,-64.79888889,-400.0,1/1/1950 12:00:00 AM,12/31/1989 12:00:00 AM,0,0
1504101,15041,SUN,Friedman Memorial,"Sun Valley/Hailey/Ketchum, ID",8301,83,United States,US,Idaho,ID,16.0,3504101,35041,"Sun Valley/Hailey/Ketchum, ID",8301,83,43.0,N,30.0,15.0,43.50416667,114.0,W,18.0,30.0,-114.30833333,-700.0,1/1/1950 12:00:00 AM,6/30/2011 12:00:00 AM,0,0
1504801,15048,SUX,Sioux City Gateway,"Sioux City, IA",6101,61,United States,US,Iowa,IA,19.0,3504801,35048,"Sioux City, IA",6101,61,42.0,N,24.0,7.0,42.40194444,96.0,W,23.0,3.0,-96.38416667,-600.0,1/1/1950 12:00:00 AM,4/30/2002 12:00:00 AM,0,0
1507001,15070,SWF,Stewart International,"Newburgh/Poughkeepsie, NY",2201,22,United States,US,New York,NY,36.0,3170301,31703,"New York City, NY (Metropolitan Area)",2201,22,41.0,N,30.0,21.0,41.50583333,74.0,W,5.0,50.0,-74.09722222,-500.0,1/1/1950 12:00:00 AM,6/30/2011 12:00:00 AM,0,0
1507401,15074,SWO,Searcy Field,"Stillwater, OK",7301,73,United States,US,Oklahoma,OK,40.0,3507401,35074,"Stillwater, OK",7301,73,36.0,N,9.0,32.0,36.15888889,97.0,W,5.0,8.0,-97.08555556,-600.0,1/1/1950 12:00:00 AM,6/30/2011 12:00:00 AM,0,0
1509601,15096,SYR,Syracuse Hancock International,"Syracuse, NY",2201,22,United States,US,New York,NY,36.0,3509601,35096,"Syracuse, NY",2201,22,43.0,N,6.0,38.0,43.11055556,76.0,W,6.0,9.0,-76.1025,-500.0,1/1/1950 12:00:00 AM,6/30/2011 12:00:00 AM,0,0
1513801,15138,TBN,Forney AAF,"Fort Leonard Wood, MO",6401,64,United States,US,Missouri,MO,29.0,3513801,35138,"Fort Leonard Wood, MO",6401,64,37.0,N,44.0,29.0,37.74138889,92.0,W,8.0,26.0,-92.14055556,-600.0,1/1/1950 12:00:00 AM,6/30/2011 12:00:00 AM,0,0
1524901,15249,TLH,Tallahassee Regional,"Tallahassee, FL",3301,33,United States,US,Florida,FL,12.0,3524901,35249,"Tallahassee, FL",3301,33,30.0,N,23.0,59.0,30.39972222,84.0,W,21.0,7.0,-84.35194444,-500.0,1/1/1950 12:00:00 AM,6/30/2011 12:00:00 AM,0,0
1529501,15295,TOL,Toledo Express,"Toledo, OH",4401,44,United States,US,Ohio,OH,39.0,3516501,35165,"Toledo, OH",4401,44,41.0,N,35.0,27.0,41.59083333,83.0,W,48.0,3.0,-83.80083333,-500.0,1/1/1950 12:00:00 AM,6/30/2011 12:00:00 AM,0,0
1530401,15304,TPA,Tampa International,"Tampa, FL",3301,33,United States,US,Florida,FL,12.0,3319501,33195,"Tampa, FL (Metropolitan Area)",3301,33,27.0,N,58.0,23.0,27.97305556,82.0,W,32.0,7.0,-82.53527778,-500.0,1/1/1950 12:00:00 AM,6/30/2011 12:00:00 AM,0,0
1532301,15323,TRI,Tri-Cities Regional TN/VA,"Bristol/Johnson City/Kingsport, TN",5401,54,United States,US,Tennessee,TN,47.0,3532301,35323,"Bristol/Johnson City/Kingsport, TN",5401,54,36.0,N,28.0,34.0,36.47611111,82.0,W,24.0,23.0,-82.40638889,-500.0,1/1/1950 12:00:00 AM,6/30/2011 12:00:00 AM,0,0
1535601,15356,TTN,Mercer County,"Trenton, NJ",2101,21,United States,US,New Jersey,NJ,34.0,3535601,35356,"Trenton, NJ",2101,21,40.0,N,16.0,41.0,40.27805556,74.0,W,48.0,45.0,-74.8125,-500.0,1/1/1950 12:00:00 AM,6/30/2011 12:00:00 AM,0,0
1537001,15370,TUL,Tulsa International,"Tulsa, OK",7301,73,United States,US,Oklahoma,OK,40.0,3465301,34653,"Tulsa, OK",7301,73,36.0,N,11.0,52.0,36.19777778,95.0,W,53.0,23.0,-95.88972222,-600.0,1/1/1950 12:00:00 AM,6/30/2011 12:00:00 AM,0,0
1537601,15376,TUS,Tucson International,"Tucson, AZ",8101,81,United States,US,Arizona,AZ,4.0,3043601,30436,"Tucson, AZ",8101,81,32.0,N,6.0,58.0,32.11611111,110.0,W,56.0,26.0,-110.94055556,-700.0,1/1/1950 12:00:00 AM,6/30/2011 12:00:00 AM,0,0
1538001,15380,TVC,Cherry Capital,"Traverse City, MI",4301,43,United States,US,Michigan,MI,26.0,3538001,35380,"Traverse City, MI",4301,43,44.0,N,44.0,24.0,44.74,85.0,W,35.0,9.0,-85.58583333,-500.0,1/1/1950 12:00:00 AM,6/30/2011 12:00:00 AM,0,0
1538901,15389,TWF,Joslin Field - Magic Valley Regional,"Twin Falls, ID",8301,83,United States,US,Idaho,ID,16.0,3538901,35389,"Twin Falls, ID",8301,83,42.0,N,28.0,55.0,42.48194444,114.0,W,29.0,12.0,-114.48666667,-700.0,1/1/1950 12:00:00 AM,6/30/2011 12:00:00 AM,0,0
1540101,15401,TXK,Texarkana Muni/Webb Field,"Texarkana, AR",7101,71,United States,US,Arkansas,AR,5.0,3540101,35401,"Texarkana, AR",7101,71,33.0,N,27.0,23.0,33.45638889,93.0,W,59.0,21.0,-93.98916667,-600.0,1/1/1950 12:00:00 AM,6/30/1986 12:00:00 AM,0,0
1541101,15411,TYR,Tyler Pounds Regional,"Tyler, TX",7401,74,United States,US,Texas,TX,48.0,3541101,35411,"Tyler, TX",7401,74,32.0,N,21.0,17.0,32.35472222,95.0,W,23.0,56.0,-95.39888889,-600.0,1/1/1950 12:00:00 AM,6/30/2011 12:00:00 AM,0,0
1541201,15412,TYS,McGhee Tyson,"Knoxville, TN",5401,54,United States,US,Tennessee,TN,47.0,3541201,35412,"Knoxville, TN",5401,54,35.0,N,48.0,44.0,35.81222222,83.0,W,59.0,33.0,-83.9925,-500.0,1/1/1950 12:00:00 AM,6/30/2011 12:00:00 AM,0,0
1545401,15454,UIN,Quincy Regional-Baldwin Field,"Quincy, IL",4101,41,United States,US,Illinois,IL,17.0,3545401,35454,"Quincy, IL",4101,41,39.0,N,56.0,39.0,39.94416667,91.0,W,11.0,50.0,-91.19722222,-600.0,1/1/1950 12:00:00 AM,6/30/2011 12:00:00 AM,0,0
1556901,15569,VCT,Victoria County Foster,"Victoria, TX",7401,74,United States,US,Texas,TX,48.0,3556901,35569,"Victoria, TX",7401,74,28.0,N,51.0,4.0,28.85111111,96.0,W,54.0,52.0,-96.91444444,-600.0,1/1/1950 12:00:00 AM,6/30/2011 12:00:00 AM,0,0
1558201,15582,VEL,Vernal Regional,"Vernal, UT",8701,87,United States,US,Utah,UT,49.0,3558201,35582,"Vernal, UT",8701,87,40.0,N,26.0,20.0,40.43888889,109.0,W,30.0,37.0,-109.51027778,-700.0,1/1/1950 12:00:00 AM,6/30/2011 12:00:00 AM,0,0
1560701,15607,VLD,Valdosta Regional,"Valdosta, GA",3401,34,United States,US,Georgia,GA,13.0,3555001,35550,"Valdosta, GA",3401,34,30.0,N,46.0,56.0,30.78222222,83.0,W,16.0,37.0,-83.27694444,-500.0,1/1/1950 12:00:00 AM,6/30/2011 12:00:00 AM,0,0
1562401,15624,VPS,Northwest Florida Regional,"Valparaiso, FL",3301,33,United States,US,Florida,FL,12.0,3150401,31504,"Valparaiso, FL",3301,33,30.0,N,29.0,0.0,30.48333333,86.0,W,31.0,31.0,-86.52527778,-600.0,1/1/1950 12:00:00 AM,8/31/2015 12:00:00 AM,0,0
1584101,15841,WRG,Wrangell Airport,"Wrangell, AK",101,1,United States,US,Alaska,AK,2.0,3584101,35841,"Wrangell, AK",101,1,56.0,N,29.0,4.0,56.48444444,132.0,W,22.0,0.0,-132.36666667,-900.0,1/1/1950 12:00:00 AM,6/30/2011 12:00:00 AM,0,0
1591901,15919,XNA,Northwest Arkansas Regional,"Fayetteville, AR",7101,71,United States,US,Arkansas,AR,5.0,3183401,31834,"Fayetteville, AR",7101,71,36.0,N,16.0,55.0,36.28194444,94.0,W,18.0,25.0,-94.30694444,-600.0,11/1/1998 12:00:00 AM,9/30/2011 12:00:00 AM,0,0
1599101,15991,YAK,Yakutat Airport,"Yakutat, AK",101,1,United States,US,Alaska,AK,2.0,3599101,35991,"Yakutat, AK",101,1,59.0,N,30.0,33.0,59.50916667,139.0,W,39.0,35.0,-139.65972222,-900.0,1/1/1950 12:00:00 AM,6/30/2011 12:00:00 AM,0,0
1610101,16101,YKM,Yakima Air Terminal/McAllister Field,"Yakima, WA",9301,93,United States,US,Washington,WA,53.0,3610101,36101,"Yakima, WA",9301,93,46.0,N,34.0,1.0,46.56694444,120.0,W,32.0,16.0,-120.53777778,-800.0,1/1/1950 12:00:00 AM,6/30/2011 12:00:00 AM,0,0
1613301,16133,YNG,Youngstown-Warren Regional,"Youngstown/Warren, OH",4401,44,United States,US,Ohio,OH,39.0,3613301,36133,"Youngstown/Warren, OH",4401,44,41.0,N,15.0,22.0,41.25611111,80.0,W,40.0,11.0,-80.66972222,-500.0,1/1/1950 12:00:00 AM,6/30/2011 12:00:00 AM,0,0
1621801,16218,YUM,Yuma MCAS/Yuma International,"Yuma, AZ",8101,81,United States,US,Arizona,AZ,4.0,3378501,33785,"Yuma, AZ",8101,81,32.0,N,39.0,24.0,32.65666667,114.0,W,36.0,21.0,-114.60583333,-700.0,1/1/1950 12:00:00 AM,9/30/2018 12:00:00 AM,0,0
1686901,16869,XWA,Williston Basin International,"Williston, ND",6601,66,United States,US,North Dakota,ND,38.0,3238901,32389,"Williston, ND",6601,66,48.0,N,15.0,39.0,48.26083333,103.0,W,45.0,4.0,-103.75111111,-600.0,10/1/2019 12:00:00 AM,9/30/2022 12:00:00 AM,0,0
